date,inventory_start,demand_realized,reorder_triggered,reorder_qty,stockout,stockout_amount,inventory_end,ss,rop,target_inventory,buffer
2025-01-01,684868.6117007558,259690.23313628827,True,201366.18745034043,False,0.0,626544.566014808,39991.599986019144,849493.1709815585,846243.1991650771,
2025-01-02,626544.566014808,474879.2280791387,True,260778.28575748412,False,0.0,412443.6236931535,40292.73407191547,849437.6061450696,847030.1177003767,
2025-01-03,412443.6236931535,362983.63209017285,True,471679.7122794254,False,0.0,521139.7038824061,38866.94814332114,847516.3878193094,845256.3878292578,
2025-01-04,521139.7038824061,227437.56412289667,True,366133.4022445362,False,0.0,659835.5420040457,41220.24908696746,849684.0565856956,846052.8570399749,
2025-01-05,659835.5420040457,208770.41123017026,True,227508.24772236007,False,0.0,678573.3784962355,39734.50004487043,847659.580555501,847609.2896815353,
2025-01-06,678573.3784962355,507684.2128165517,True,206352.95950508642,False,0.0,377242.1251847702,39731.433043105986,847341.1264058951,845194.9049582159,
2025-01-07,377242.1251847702,605490.1138210491,True,507093.9184080226,False,0.0,278845.9297717437,39333.14697671764,846753.932183565,845002.8966160752,
2025-01-08,278845.9297717437,672069.5620360113,True,604193.4688162606,False,0.0,210969.83655199304,39522.19903239826,846384.311790487,843517.199555606,
2025-01-09,210969.83655199304,678790.2250957661,True,674164.6993117247,False,0.0,206344.31076795165,40249.50205933009,847608.2217553514,844885.0338043877,
2025-01-10,206344.31076795165,655308.7797088646,True,677408.2146201512,False,0.0,228443.74567923823,39837.378132763086,846574.286899704,843915.1472553398,
2025-01-11,228443.74567923823,199445.63245940112,True,655847.8748287868,False,0.0,684845.9880486239,40217.71806523489,846771.8291563799,844073.9024427902,
2025-01-12,684845.9880486239,221033.72134818084,True,197891.87017337212,False,0.0,661704.1368738152,39257.728129089715,844799.6493494173,843480.1300929063,
2025-01-13,661704.1368738152,772129.5240007224,True,223998.61490124447,False,0.0,113573.22777433717,40130.796034262334,846037.4727667538,845571.9557407973,
2025-01-14,113573.22777433717,557002.1930979986,True,769948.7748594619,False,0.0,326519.8095358005,40268.666521252795,845680.8284296033,843253.3361125463,
2025-01-15,326519.8095358005,575157.6110564087,True,555016.947725388,False,0.0,306379.14620477974,39269.632760057604,844536.1451202047,842267.1245011309,
2025-01-16,306379.14620477974,542356.2522018369,True,574614.160418917,False,0.0,338637.0544218598,39365.49063429757,844152.2108871168,841627.8159893991,
2025-01-17,338637.0544218598,688182.7437811029,True,543305.1735509608,False,0.0,193759.4841917177,39304.74987506773,844258.8054067942,842637.4780977529,
2025-01-18,193759.4841917177,483158.58702313853,True,687844.7885145987,False,0.0,398445.6856831779,39997.60672514295,844782.5533644869,841606.6659811735,
2025-01-19,398445.6856831779,759622.3687059826,True,486847.69868309377,False,0.0,125671.0156602891,40880.366643763984,845803.8180759891,844413.0177225077,
2025-01-20,125671.0156602891,1237833.8334375978,True,756811.5137211386,True,355351.30405617016,0.0,39651.97651911943,844714.1640708034,842830.5528623082,
2025-01-21,0.0,835958.549455564,True,884059.705893664,False,0.0,48101.156438100035,40810.70646910726,846051.4565929349,843248.9994245567,
2025-01-22,48101.156438100035,519793.39241533866,True,837248.4446710044,False,0.0,365556.2086937658,40768.6376659492,845674.0825482933,844580.9634431553,
2025-01-23,365556.2086937658,1001388.450503656,True,518209.4361265569,True,117622.8056833332,0.0,40600.46037159305,845704.7829351396,843165.1844487296,
2025-01-24,0.0,499794.7621796818,True,881721.9182799187,False,0.0,381927.1561002369,39232.095285409,843925.9998495262,842489.8229945097,
2025-01-25,381927.1561002369,228134.23774476396,True,498005.97879048955,False,0.0,651798.8971459626,39233.11041387222,843074.4155320228,840700.0244768542,
2025-01-26,651798.8971459626,219544.6729384267,True,228452.96838899367,False,0.0,660707.1925965295,38979.16243196398,842825.2112718122,841272.7031029923,
2025-01-27,660707.1925965295,871864.2826344754,True,221148.54985526338,False,0.0,9991.45981731743,39918.77198596363,843892.72764723,841936.9704658292,
2025-01-28,9991.45981731743,465602.8066668224,True,872018.8328400671,False,0.0,416407.4859905621,40468.72308334869,843985.1160293982,841541.5695740358,
2025-01-29,416407.4859905621,457382.65372116986,True,464516.19915946235,False,0.0,423541.0314288546,39704.73765177864,843126.4844410677,841218.9474982459,
2025-01-30,423541.0314288546,400206.45040432655,True,456304.0883604397,False,0.0,479638.66938496777,39521.85926527704,841848.1690202534,840323.2605240173,
2025-01-31,479638.66938496777,446587.11872578884,True,399609.6798561592,False,0.0,432661.2305153382,39216.28410658151,841784.7850756997,840032.0651345454,
2025-02-01,432661.2305153382,275770.65154087765,True,446512.9145239604,False,0.0,603403.4934984209,39631.38266691859,841276.5103506886,839542.76237238,
2025-02-02,603403.4934984209,645843.7694107151,True,275753.7760837995,False,0.0,233313.50017150526,39667.97334840052,841681.6016887674,839489.2962338199,
2025-02-03,233313.50017150526,1138015.0648182489,True,648802.8397309483,True,255898.72491579526,0.0,40333.040079284685,843055.5330237434,841783.2998231689,
2025-02-04,0.0,745895.2942522957,True,883979.2901433894,False,0.0,138083.99589109363,41148.95285187809,843739.6193113385,842830.3372915112,
2025-02-05,138083.99589109363,508468.50710156735,True,741169.5975635251,False,0.0,370785.08635305136,39389.087129356965,841425.996724416,839864.5063252618,
2025-02-06,370785.08635305136,469002.2332049115,True,505810.2035955163,False,0.0,407593.0567436561,39132.58621688431,840962.9322448579,837462.7037316833,
2025-02-07,407593.0567436561,577455.9026912468,True,470812.34992681147,False,0.0,300949.50397922075,39573.84997786032,841138.2268522278,838831.5566926072,
2025-02-08,300949.50397922075,232659.15892413727,True,579759.2942410674,False,0.0,648049.6392961509,40293.342894948524,841497.1588714449,840415.4553253396,
2025-02-09,648049.6392961509,287387.3042221785,True,229551.5202066331,False,0.0,590213.8552806055,39730.28918549415,839973.5228977874,837870.8703172898,
2025-02-10,590213.8552806055,411329.7231189816,True,286506.61455969384,False,0.0,465390.74672131776,39248.19429618737,839230.6598936428,837472.275544112,
2025-02-11,465390.74672131776,391538.27308321185,True,410129.84916023037,False,0.0,483982.3227983363,38424.534696435585,837923.4450310756,837096.0611851126,
2025-02-12,483982.3227983363,504061.013971151,True,392166.8187394574,False,0.0,372088.12756664265,39323.1694019864,839158.4326717866,836825.9721358073,
2025-02-13,372088.12756664265,384452.4333508114,True,503354.8088166241,False,0.0,490990.5030324553,38869.232935452455,838463.7510853573,836573.7034478143,
2025-02-14,490990.5030324553,335333.12572337093,True,381204.94486348523,False,0.0,536862.3221725696,37902.89261607755,836522.3474805987,834292.555279863,
2025-02-15,536862.3221725696,174699.78346082574,True,336215.95684450836,False,0.0,698378.4955562523,38744.41621310853,836793.937769734,834333.8628039694,
2025-02-16,698378.4955562523,171944.37247453455,True,178465.8988669423,False,0.0,704900.02194866,39872.051088668675,837950.9597986332,836972.3433345259,
2025-02-17,704900.02194866,285429.5200527482,True,168441.87870919454,False,0.0,587912.3806051062,39662.05919134658,836906.5312949202,833679.841466508,
2025-02-18,587912.3806051062,390683.4572999957,True,285670.8800330115,False,0.0,482899.8033381221,39514.517535213185,836236.7651312215,834068.7431029045,
2025-02-19,482899.8033381221,300001.96666116384,True,390343.6819157049,False,0.0,573241.5185926631,39668.75980310298,836159.8293146159,833574.725450724,
2025-02-20,573241.5185926631,322045.7105259311,True,297688.785266763,False,0.0,548884.5933334951,38508.9312900417,834686.1648967251,832421.3725693844,
2025-02-21,548884.5933334951,516082.43680018076,True,321836.22547182476,False,0.0,354638.3820051391,39397.46624015899,835019.4679765998,831323.3525651608,
2025-02-22,354638.3820051391,190041.94022222864,True,515034.7335484184,False,0.0,679631.1753313288,38676.577113936735,833898.1944627815,830996.5384396208,
2025-02-23,679631.1753313288,176574.07784915794,True,191249.2103144761,False,0.0,694306.307796647,39110.37826915312,833854.764045751,831770.0073766517,
2025-02-24,694306.307796647,481813.18468309176,True,176045.1217723247,False,0.0,388538.24488587986,38822.07981505551,833571.2297576345,831529.3497539161,
2025-02-25,388538.24488587986,1038348.8737579711,True,482007.29600453103,True,167803.3328675602,0.0,38794.57030280945,833372.1239404593,831750.9705876014,
2025-02-26,0.0,765853.8440525511,True,871279.6138834737,False,0.0,105425.7698309226,39084.084533675064,834102.8514939102,832195.5293497986,
2025-02-27,105425.7698309226,621687.8908060687,True,763665.8270550496,False,0.0,247403.70607990352,38673.241743610124,833275.2667617629,830418.3551423621,
2025-02-28,247403.70607990352,990963.4934647068,True,622822.4734386473,True,120737.31394615595,0.0,38524.78223660931,833337.0604047102,831701.3972819416,
2025-03-01,0.0,339299.9994722162,True,868444.1141610977,False,0.0,529144.1146888814,38260.098254336204,832247.6501387564,830184.0159067615,
2025-03-02,529144.1146888814,619621.8832885755,True,341069.52431197924,False,0.0,250591.7557122853,39043.49672635452,832918.1242811343,831170.1422745062,
2025-03-03,250591.7557122853,814171.632073836,True,623075.4301634073,False,0.0,59495.553801856586,39337.359802552965,833462.0963536229,834329.8260731397,
2025-03-04,59495.553801856586,780710.0157251044,True,811442.7788121393,False,0.0,90228.31688889151,39287.34438914405,833644.0889010879,831650.9882248518,
2025-03-05,90228.31688889151,557239.0516759921,True,779649.9808076096,False,0.0,312639.24602050905,38916.407354593684,832669.4707702037,830961.8903419074,
2025-03-06,312639.24602050905,530779.1692151028,True,559385.2959213648,False,0.0,341245.37272677105,39248.058278853416,832751.9094876489,832776.4836630204,
2025-03-07,341245.37272677105,760244.9432504295,True,528989.1169859149,False,0.0,109989.54646225646,39065.569651615995,832997.9015644463,831168.9200610699,
2025-03-08,109989.54646225646,211319.17972743037,True,759717.4821307083,False,0.0,658387.8488655344,39577.09065939095,832632.9481477558,830129.9379335738,
2025-03-09,658387.8488655344,383361.633254379,True,210985.51337407742,False,0.0,486011.7289852328,39098.390492626386,832056.3151726439,830274.9717469855,
2025-03-10,486011.7289852328,688395.8058116437,True,386578.18715204176,False,0.0,184194.11032563087,39277.60092144563,832572.2860058292,833312.315215829,
2025-03-11,184194.11032563087,660166.2757618234,True,685615.7066374117,False,0.0,209643.5412012192,39748.15258135178,832398.6654719127,830061.6643816908,
2025-03-12,209643.5412012192,481991.72545117966,True,659379.1779029424,False,0.0,387030.99365298194,39623.59142028225,832079.8838623891,829399.1276838793,
2025-03-13,387030.99365298194,387494.97564447793,True,479650.7911032606,False,0.0,479186.8091117646,39095.941491936544,831093.5254921323,827585.843264306,
2025-03-14,479186.8091117646,352369.0484168981,True,387790.80871105514,False,0.0,514608.5694059216,38426.192957935986,830751.6118499206,828551.4248648838,
2025-03-15,514608.5694059216,161844.7716494327,True,353085.5639788388,False,0.0,705849.3617353278,39233.33057804388,830044.0736018296,828460.8028067165,
2025-03-16,705849.3617353278,258299.23580178237,True,164733.68782343104,False,0.0,612283.8137569764,39476.06672570849,830448.7040739361,831106.9828330503,
2025-03-17,612283.8137569764,298454.71745919413,True,255723.61874267753,False,0.0,569552.7150404598,38893.420291856186,829413.2537957208,829114.0122077977,
2025-03-18,569552.7150404598,291298.4954272623,True,297053.61982776906,False,0.0,575307.8394409665,39508.50742213328,829179.4543715543,827097.8274460955,
2025-03-19,575307.8394409665,402190.6778694654,True,289874.4893599004,False,0.0,462991.65093140147,38430.59995593159,828292.9912654279,826751.7288449353,
2025-03-20,462991.65093140147,344896.71246879234,True,404557.3373431994,False,0.0,522652.2758058085,39625.785270158005,828429.6882038587,827923.2030044429,
2025-03-21,522652.2758058085,226436.43681122115,True,344191.8434601068,False,0.0,640407.6824546942,39369.32410307139,827746.2061856955,827474.7951628439,
2025-03-22,640407.6824546942,117653.84462280526,True,223697.5961390933,False,0.0,746451.4339709822,39230.54489174989,827357.7733708618,824874.7337020376,
2025-03-23,746451.4339709822,146356.48143397705,True,120084.54943303831,False,0.0,720179.5019700435,39206.61178724685,827173.4026277212,827329.3716167737,
2025-03-24,720179.5019700435,395234.6758074944,True,143699.67859843504,False,0.0,468644.50476098416,39923.737607246636,827112.689561111,823955.4429612319,
2025-03-25,468644.50476098416,343034.82128524064,True,395040.50538491824,False,0.0,520650.18886066176,39743.13553741935,826779.4640173777,823941.874608483,
2025-03-26,520650.18886066176,307293.1502389621,True,343047.32761181484,False,0.0,556404.3662335144,38618.524353859175,825155.9839834982,825078.9921186174,
2025-03-27,556404.3662335144,280044.54728857,True,307444.68702965276,False,0.0,583804.5059745972,39219.92961864905,825222.7087358739,824629.1236445181,
2025-03-28,583804.5059745972,405421.9687406081,True,277533.8921002386,False,0.0,455916.4293342277,38608.30933534401,824426.0059988262,822730.0887394918,
2025-03-29,455916.4293342277,205446.6355450196,True,403631.9742972091,False,0.0,654101.7680864172,38515.47803131638,823825.7673702928,821032.9256001204,
2025-03-30,654101.7680864172,179314.34259417493,True,205660.35000324945,False,0.0,680447.7754954918,38588.11448919746,823307.6160159133,821174.0036004692,
2025-03-31,680447.7754954918,351358.0835847231,True,182281.19751701804,False,0.0,511370.88942778675,39872.81834273491,824252.5350723802,822856.1546697749,
2025-04-01,511370.88942778675,330819.82246290334,True,347602.5528944131,False,0.0,528153.6198592966,38545.1434193432,822157.714924556,820428.2989028567,
2025-04-02,528153.6198592966,576880.5036554153,True,331137.2350813185,False,0.0,282410.35128519987,38936.631940654755,822101.9200982135,820354.2229999603,
2025-04-03,282410.35128519987,443451.96079931845,True,575337.8249040592,False,0.0,414296.2153899406,38549.99685517235,821746.8632401858,819198.1793340867,
2025-04-04,414296.2153899406,538592.4502747715,True,442217.2757180797,False,0.0,317921.04083324876,37911.563660162865,821193.3630652704,818601.9274478575,
2025-04-05,317921.04083324876,172215.29982914528,True,540796.9149463942,False,0.0,686502.6559504976,39056.80779934455,821674.6301169606,819661.1479802984,
2025-04-06,686502.6559504976,464042.6134113986,True,170935.3843853669,False,0.0,393395.4269244659,38525.21708207785,820900.4070830393,818912.8232537867,
2025-04-07,393395.4269244659,1151789.4624563318,True,464080.51069078804,True,294313.52484107786,0.0,38278.0212179752,821159.5737757133,819197.9163972788,
2025-04-08,0.0,633451.6000897283,True,857962.4280302809,False,0.0,224510.8279405526,38767.06075383374,821455.7126370086,819195.3672764471,
2025-04-09,224510.8279405526,1019857.0354324429,True,632915.8515079314,True,162430.35598395893,0.0,38860.04078144035,821943.999324127,818566.6386670436,
2025-04-10,0.0,561599.498380812,True,858375.2950062709,False,0.0,296775.79662545887,39294.40975119753,821811.7444756555,819080.8852550733,
2025-04-11,296775.79662545887,499452.7992383535,True,560636.2618363734,False,0.0,357959.25922347873,38071.918944088575,820451.3335883688,819340.1395177436,
2025-04-12,357959.25922347873,284428.20118734974,True,500975.3342191425,False,0.0,574506.3922552714,40030.14500521107,821685.8745129631,818904.4484374102,
2025-04-13,574506.3922552714,344111.76294580207,True,287239.00167946157,False,0.0,517633.63098893093,40009.052829248125,821730.499115146,821736.3411054849,
2025-04-14,517633.63098893093,403238.77199326595,True,342798.92500652914,False,0.0,457193.7840021942,39618.053214111205,821368.9874029168,820814.5027813489,
2025-04-15,457193.7840021942,335133.9863418263,True,398175.1988032606,False,0.0,520234.9964636284,38034.43560873017,818921.4929845422,817334.5471967246,
2025-04-16,520234.9964636284,352450.80469658115,True,336075.78640155547,False,0.0,503859.97816860274,39260.484488642425,819824.059097375,817050.2983765415,
2025-04-17,503859.97816860274,250623.45322351236,True,351572.56982216804,False,0.0,604809.0947672584,38843.771907206385,818792.0844036405,816588.7760835644,
2025-04-18,604809.0947672584,150719.37338074876,True,250000.86121199676,False,0.0,704090.5825985064,38896.850939662785,818555.7455498885,815913.1050395924,
2025-04-19,704090.5825985064,179387.34995738932,True,149540.89196844219,False,0.0,674244.1246095593,38201.23389099045,817643.9594966302,815430.2406759581,
2025-04-20,674244.1246095593,172165.1954283821,True,180866.1673654234,False,0.0,682945.0965466006,38194.21867170185,817289.8138472532,816916.0733032809,
2025-04-21,682945.0965466006,472997.11529473093,True,170396.97134881726,False,0.0,380344.95260068687,38615.353446434514,816975.0836503226,814726.7144489833,
2025-04-22,380344.95260068687,598222.4683395312,True,472708.9258907005,False,0.0,254831.41015185614,38572.36707018351,816474.6234113475,814481.5114212038,
2025-04-23,254831.41015185614,445250.4308662219,True,597613.5472832299,False,0.0,407194.5265688641,38251.96988834421,816365.5894369478,814192.9875467418,
2025-04-24,407194.5265688641,335127.77173452947,True,445317.3582136769,False,0.0,517384.1130480116,38702.26301704005,816004.5308770596,813809.621765501,
2025-04-25,517384.1130480116,431957.5209590321,True,334889.67432058405,False,0.0,420316.2664095635,38763.15377268529,816015.4408760482,813510.6335959104,
2025-04-26,420316.2664095635,186089.7673189511,True,430884.0107301131,False,0.0,665110.5098207254,38941.97967483646,815256.8040874591,812258.2974648401,
2025-04-27,665110.5098207254,192953.95352840103,True,181941.87214829412,False,0.0,654098.4284406186,37018.45478807541,813032.9244266665,810033.9271809441,
2025-04-28,654098.4284406186,340744.10927707516,True,198751.65689518233,False,0.0,512105.97605872573,38724.31124694495,814906.4495792825,814125.774088856,
2025-04-29,512105.97605872573,273704.0638007208,True,341236.1502444768,False,0.0,579638.0625024817,38587.566156531604,814288.7238506004,814754.5601466709,
2025-04-30,579638.0625024817,300875.5804492353,True,269760.4140667314,False,0.0,548522.8961199779,38825.537441547924,813570.4316346241,810572.9391276652,
2025-05-01,548522.8961199779,340709.8533120223,True,298731.04518962314,False,0.0,506544.0879975788,37691.45610116677,812560.1072973773,809562.4852084343,
2025-05-02,506544.0879975788,272643.746844872,True,340387.63113763236,False,0.0,574287.9722903391,38018.91884809717,812260.8597060598,808912.800287114,
2025-05-03,574287.9722903391,164509.9518738161,True,273108.71462040005,False,0.0,682886.7350369231,38563.8152630218,812428.5531600165,808832.8716477173,
2025-05-04,682886.7350369231,192954.4609437442,True,162634.97966372277,False,0.0,652567.2537569017,37411.55429266565,810978.0927493984,808110.1604079802,
2025-05-05,652567.2537569017,272472.7215999075,True,193487.61690941826,False,0.0,573582.1490664125,37773.38031941968,810738.2109531075,808281.4903469003,
2025-05-06,573582.1490664125,274283.0221895956,True,272781.2308607919,False,0.0,572080.3577376088,37771.65134708683,810474.5343583511,808591.7285801176,
2025-05-07,572080.3577376088,793383.2996476609,True,275561.0245333106,False,0.0,54258.082623258466,39031.92353918852,811814.6611706362,808609.4587317309,
2025-05-08,54258.082623258466,677009.0597547148,True,790731.6304800337,False,0.0,167980.65334857733,37788.23001591313,810066.1122237081,807201.483087379,
2025-05-09,167980.65334857733,565194.8398491715,True,679410.2573171355,False,0.0,282196.0708165413,39040.667759152,811530.2343511259,808350.2429065608,
2025-05-10,282196.0708165413,403803.21594014834,True,565671.3671162232,False,0.0,444064.2219926162,37836.0598657238,809973.3554169699,810031.3780670407,
2025-05-11,444064.2219926162,444598.3673223613,True,399399.42467562493,False,0.0,398865.27934587986,37032.74555079571,808582.2314285894,806430.9011174454,
2025-05-12,398865.27934587986,615199.4810138375,True,446776.36391675635,False,0.0,230442.16224879865,38058.05957427186,809243.8910480314,807583.5836883644,
2025-05-13,230442.16224879865,505029.9616311587,True,615724.1301202388,False,0.0,341136.3307378787,38771.48300991015,810435.6750657929,807394.8093591272,
2025-05-14,341136.3307378787,443850.98728933616,True,504586.1003353174,False,0.0,401871.44378385984,38645.13845531541,810078.6159200193,807077.2926178806,
2025-05-15,401871.44378385984,485887.6712697659,True,444217.8874855517,False,0.0,360201.6599996457,39128.251281628436,810075.2959741022,806961.0799877831,
2025-05-16,360201.6599996457,428899.4519731775,True,485061.9405676517,False,0.0,416364.14859411994,38719.935790069176,809537.563452747,806543.6647772283,
2025-05-17,416364.14859411994,367265.7613561128,True,425888.6237461779,False,0.0,474987.01098418504,37123.18355908231,807364.0773205635,805129.5887812155,
2025-05-18,474987.01098418504,468660.9022094461,True,369842.1303347025,False,0.0,376168.23910944135,38308.654259919924,808805.1445551676,806520.4870589676,
2025-05-19,376168.23910944135,584824.9300349448,True,468063.4589266948,False,0.0,259406.76800119132,37945.00949626771,808301.0802409495,806286.6885398685,
2025-05-20,259406.76800119132,341936.08765595854,True,584112.4504368163,False,0.0,501583.1307820491,38055.8792488753,807570.1999354251,805463.3391891323,
2025-05-21,501583.1307820491,711959.6311854138,True,339891.3486481788,False,0.0,129514.84824481409,37381.01194472051,806791.3963300468,804093.4674855074,
2025-05-22,129514.84824481409,628239.5829754487,True,714063.7743785359,False,0.0,215339.0396479013,38283.78627512035,807643.1570945098,805294.8363482297,
2025-05-23,215339.0396479013,629597.5438632568,True,626206.4869930159,False,0.0,211947.98277766036,37700.7482572616,806736.7812766316,803844.7783836556,
2025-05-24,211947.98277766036,425857.08104416035,True,629303.6540375302,False,0.0,415394.5557710302,37913.574609117655,806662.0856635912,803338.0622060728,
2025-05-25,415394.5557710302,435803.8391812291,True,427043.2824724005,False,0.0,406633.9990622016,37744.92943569217,806837.6081929721,804692.9088077386,
2025-05-26,406633.9990622016,419867.5749348943,True,435187.65275744424,False,0.0,421954.0768847516,38244.33682331007,806773.7460147025,803577.3149963358,
2025-05-27,421954.0768847516,527091.7537097939,True,419268.34277733124,False,0.0,314130.6659522889,37115.13041617625,805237.2968092732,804107.2892459066,
2025-05-28,314130.6659522889,455976.9566015576,True,528409.1149744357,False,0.0,386562.82432516693,38607.75452271033,806429.9889536751,803932.0264040142,
2025-05-29,386562.82432516693,530308.7832127225,True,458789.3353089897,False,0.0,315043.3764214341,38318.63310245016,806171.4235790153,807033.5265317064,
2025-05-30,315043.3764214341,554385.382508188,True,525113.1301990672,False,0.0,285771.12411231326,37389.78667392554,804984.3796576392,802766.7199465757,
2025-05-31,285771.12411231326,372692.606109331,True,553252.7379056297,False,0.0,466331.2559086119,37435.94285926286,804331.9014402971,801587.9191586801,
2025-06-01,466331.2559086119,353964.1551841469,True,374758.5989073502,False,0.0,487125.69963181525,37845.13909536111,804959.1778320541,803244.715720601,
2025-06-02,487125.69963181525,432745.0287984006,True,351387.14299223974,False,0.0,405767.8138256544,37323.60065974073,804001.4421030141,801189.2419643142,
2025-06-03,405767.8138256544,438162.06634163635,True,433947.3299620299,False,0.0,401553.0774460479,37485.08266919481,803809.2084602404,802230.0611184895,
2025-06-04,401553.0774460479,425322.382372744,True,438205.5455947204,False,0.0,414436.24066802434,37852.52449476402,803941.3653861774,801906.0985460043,
2025-06-05,414436.24066802434,565875.0583345806,True,423234.24394656916,False,0.0,271795.4262800128,37219.96699408189,802932.6821843368,800450.5176205116,
2025-06-06,271795.4262800128,468018.89851042855,True,565412.3882280965,False,0.0,369188.9159976808,37222.20586781757,802691.4380023894,799985.6086402918,
2025-06-07,369188.9159976808,363251.49594105984,True,467462.24315220054,False,0.0,473399.6632088215,37142.880626618266,802478.5713457352,799508.278523263,
2025-06-08,473399.6632088215,346204.454321639,True,362417.9153582618,False,0.0,489613.12424544425,36666.014667355834,801554.8517052565,799151.5638997274,
2025-06-09,489613.12424544425,506855.6970865892,True,348791.4304004286,False,0.0,331548.85755928373,37817.0638312478,802748.219086884,800587.490814625,
2025-06-10,331548.85755928373,496113.49150077027,True,505418.0828858868,False,0.0,340853.44894440024,37667.1286277119,802405.7980107329,799299.8118174586,
2025-06-11,340853.44894440024,467791.3409492658,True,494985.64223341696,False,0.0,368047.7502285514,37224.02262189369,801437.9688829163,798615.0685559235,
2025-06-12,368047.7502285514,517741.50283691497,True,467787.6618547415,False,0.0,318093.9092463779,36987.652012770704,801304.6350551192,798847.7600705222,
2025-06-13,318093.9092463779,655573.6238952951,True,517557.66338772606,False,0.0,180077.94873880886,37116.10762256607,801131.1712482644,798535.4650115379,
2025-06-14,180077.94873880886,360358.4274251826,True,654562.7527849223,False,0.0,474282.2740985485,36804.58940186957,800580.0128401234,797836.1121218615,
2025-06-15,474282.2740985485,348115.6167864203,True,362341.4349648854,False,0.0,488508.09227701364,37484.04657216056,801290.3006468168,799139.6624912734,
2025-06-16,488508.09227701364,471611.94755956205,True,346697.4673514117,False,0.0,363593.61206886335,37369.731710343214,800303.2463957765,797835.8279180821,
2025-06-17,363593.61206886335,535023.8475530144,True,471491.80045944464,False,0.0,300061.5649752936,37067.46989855658,800129.0439707655,798017.9426297514,
2025-06-18,300061.5649752936,451149.7678316069,True,536252.8734633431,False,0.0,385164.6706070298,37739.34973462891,800739.0437625708,798575.0887040078,
2025-06-19,385164.6706070298,356632.37773636193,True,447802.4575893959,False,0.0,476334.7504600638,36491.89778410933,799011.7255732844,796475.2304123164,
2025-06-20,476334.7504600638,493195.8085732744,True,358716.5093019255,False,0.0,341855.45118871494,37160.370605136784,799975.5276219555,797890.8891568525,
2025-06-21,341855.45118871494,375137.1810098107,True,491484.71769623534,False,0.0,458202.9878751395,36458.49623227906,798523.7226429053,796881.6726526712,
2025-06-22,458202.9878751395,648963.7868286758,True,376250.7111555921,False,0.0,185489.9122020558,36976.16477501771,799020.5894601976,797477.5342557139,
2025-06-23,185489.9122020558,617911.8722807646,True,650198.5435450269,False,0.0,217776.5834663181,38329.816171008846,799750.8511848543,797358.6395760739,
2025-06-24,217776.5834663181,460396.01185014617,True,613783.6171086212,False,0.0,371164.1887247931,36848.804058487665,798082.6838871065,794711.3965164516,
2025-06-25,371164.1887247931,480844.96525886864,True,463401.1718635869,False,0.0,353720.39532951126,37686.48223701088,799194.8297317353,796878.878351369,
2025-06-26,353720.39532951126,410358.92495325353,True,480456.195201702,False,0.0,423817.6655779597,37586.60201860735,798744.3349557852,796589.9885126059,
2025-06-27,423817.6655779597,423516.2734886377,True,406644.3880903811,False,0.0,406945.7801797031,36524.3453408779,797105.2813850191,793937.7083274629,
2025-06-28,406945.7801797031,279869.106115281,True,429846.77277354134,False,0.0,556923.4468379634,37828.893655590226,798357.1163113291,798963.6592976542,
2025-06-29,556923.4468379634,327856.1374502617,True,274523.9248978087,False,0.0,503591.23428551044,36942.565702559164,797219.8020929676,794504.8060332129,
2025-06-30,503591.23428551044,392632.40481683397,True,327766.0632253748,False,0.0,438724.8926940512,37153.580286589415,796885.0236529891,794203.7172242958,
2025-07-01,438724.8926940512,417326.4855903227,True,390873.436781909,False,0.0,412271.8438856375,36687.51167654504,795689.0697148596,792910.8177994152,
2025-07-02,412271.8438856375,516709.6172888848,True,419244.8293946191,False,0.0,314807.05599137174,36697.97350744281,795890.4609976186,794818.6997728138,
2025-07-03,314807.05599137174,460516.8636305632,True,515087.18154284224,False,0.0,369377.37390365085,36996.55361330819,795912.1112196947,792897.6839209058,
2025-07-04,369377.37390365085,394471.27884096454,True,461265.45622601354,False,0.0,436171.55128869985,37091.33221010132,796474.1812772697,793551.4979195631,
2025-07-05,436171.55128869985,282871.6974941732,True,392843.720472518,False,0.0,546143.5742670447,36441.53183740165,794452.1368849464,792573.7399238162,
2025-07-06,546143.5742670447,336403.22258723096,True,282400.2010218254,False,0.0,492140.5527016391,35725.22318326633,794420.3014771852,792818.5521056037,
2025-07-07,492140.5527016391,419351.4205399491,True,336614.42444633617,False,0.0,409403.55660802615,37162.866101422296,794707.2113043206,791592.111046553,
2025-07-08,409403.55660802615,406444.17613511323,True,417704.0815189088,False,0.0,420663.46199182165,36515.84653944667,794095.3837388939,790591.7915874883,
2025-07-09,420663.46199182165,520337.83159467723,True,407108.12910010887,False,0.0,307433.7594972533,36510.80831607003,793674.2696699208,791260.7827758605,
2025-07-10,307433.7594972533,826915.4108719699,True,521049.6374745612,False,0.0,1567.986099844682,37166.29757394332,794115.5995770656,791317.0993978712,
2025-07-11,1567.986099844682,739708.8664957029,True,827117.106767041,False,0.0,88976.22637118283,36948.77135890974,794715.772467176,791736.3215079759,
2025-07-12,88976.22637118283,387656.7673650415,True,737119.1191505229,False,0.0,438438.5781566642,35990.90046564464,792957.6545280435,790104.445056061,
2025-07-13,438438.5781566642,411540.37727603375,True,391107.12021042756,False,0.0,418005.3210910581,37337.125139711025,794299.3478336565,792208.5732273808,
2025-07-14,418005.3210910581,1516452.8126652378,True,409338.8801108619,True,689108.6114633179,0.0,36582.949939013495,793917.6385233251,790761.2512629065,
2025-07-15,0.0,834810.7410953416,True,827744.7706619842,True,7065.9704333574045,0.0,36131.334977661776,793630.5513475916,791613.4356843225,
2025-07-16,0.0,607739.0595471443,True,827549.6265657563,False,0.0,219810.56701861194,36057.46019955419,793592.7608241411,791492.1663662021,
2025-07-17,219810.56701861194,606621.9849332311,True,608196.960635655,False,0.0,221385.54272103577,36417.3907159249,793735.2138269631,791590.136938342,
2025-07-18,221385.54272103577,660539.5636679161,True,605929.3316294635,False,0.0,166775.31068258313,36812.43843381278,793839.9099387605,790502.4359166864,
2025-07-19,166775.31068258313,403294.660142603,True,660841.1263250805,False,0.0,424321.7768650607,36390.341682898164,793072.1240235372,791226.0953247655,
2025-07-20,424321.7768650607,490324.47002854105,True,403143.3027470107,False,0.0,337140.60958353034,36662.926500122194,793462.8740091803,790802.1531119492,
2025-07-21,337140.60958353034,594519.4633882422,True,489226.0986929393,False,0.0,231847.24488822755,35706.361222962434,792199.4198722843,790660.3470535072,
2025-07-22,231847.24488822755,660171.7552034053,True,594947.4291518726,False,0.0,166622.9188366949,36212.09892497195,792595.6973567265,790582.5751151282,
2025-07-23,166622.9188366949,560891.1325570281,True,661129.3649092314,False,0.0,266861.15118889825,37089.12384016585,793599.7523765282,790663.1599057605,
2025-07-24,266861.15118889825,613572.2370911057,True,562182.4486581116,False,0.0,215471.3627559042,36971.61758160408,793461.1041127045,792071.9822654058,
2025-07-25,215471.3627559042,891369.3854462057,True,611664.8922309687,True,64233.13045933284,0.0,36498.075127682445,792656.0150590877,790638.1798591905,
2025-07-26,0.0,411276.2768912484,True,828169.0507504744,False,0.0,416892.773859226,37440.28113797687,793502.63047709,790728.7696124975,
2025-07-27,416892.773859226,457798.921447771,True,408561.0852384851,False,0.0,367654.93764994,36339.86836348319,791964.4237168918,789113.9907342279,
2025-07-28,367654.93764994,549698.7994569882,True,457375.3643880382,False,0.0,275331.50258098997,36081.488356217655,791715.3003397795,788948.8136817606,
2025-07-29,275331.50258098997,580578.8678391166,True,549969.326753452,False,0.0,244721.96149532532,36470.87612092978,792011.5045880857,788829.9532135121,
2025-07-30,244721.96149532532,584702.1493524369,True,580226.1834930913,False,0.0,240245.9956359797,36644.574238666195,791365.1392736447,788303.5707497504,
2025-07-31,240245.9956359797,599269.3748285928,True,585320.6816824243,False,0.0,226297.3024898112,36012.764127264236,791588.6907711239,789553.9131911397,
2025-08-01,226297.3024898112,805634.1417827033,True,601335.3243199585,False,0.0,21998.485027066316,36986.10760071473,792753.9654198302,790646.5192090549,
2025-08-02,21998.485027066316,505397.89946085814,True,803720.761393469,False,0.0,320321.3469596771,36325.02040775575,791186.936239392,789394.2260127795,
2025-08-03,320321.3469596771,421122.3625590994,True,506106.8205905614,False,0.0,405305.80499113916,37300.587089569366,792270.0887278528,789127.5804606691,
2025-08-04,405305.80499113916,310962.40116541286,True,418319.95449226984,False,0.0,512663.35831799614,36226.0296015624,790679.4104953549,787399.7298818466,
2025-08-05,512663.35831799614,534767.9111551902,True,313252.4299892018,False,0.0,291147.87715200766,36230.47508459181,790773.2201760799,789685.3132226061,
2025-08-06,291147.87715200766,490133.9978961644,True,532703.9441106191,False,0.0,333717.82336646237,36469.47000908919,790709.4591867013,787382.3512535376,
2025-08-07,333717.82336646237,545134.8123463099,True,489225.01452856226,False,0.0,277808.0255487147,36094.33329278608,789837.3364562447,786848.5046022385,
2025-08-08,277808.0255487147,511728.9983794359,True,546350.8040318335,False,0.0,312429.8312011123,36561.955044846385,790426.0796575717,787596.8745357018,
2025-08-09,312429.8312011123,463554.8999052176,True,510635.3124132669,False,0.0,359510.24370916164,35698.83909681812,789342.8320043192,787366.3045175611,
2025-08-10,359510.24370916164,542764.3821799962,True,463455.8269233534,False,0.0,280201.6884525188,35913.97206551727,789425.9000414561,787052.0985669978,
2025-08-11,280201.6884525188,762466.7916635659,True,545438.840340747,False,0.0,63173.737129699904,36917.444559881464,790217.440262563,788723.0842333843,
2025-08-12,63173.737129699904,605824.2265735335,True,759834.8392356423,False,0.0,217184.34979180875,36492.67629695997,789994.9810317672,786515.9000683823,
2025-08-13,217184.34979180875,737001.9030709321,True,605483.0460257989,False,0.0,85665.4927466755,35591.74496227953,789000.0777248256,787075.6508553281,
2025-08-14,85665.4927466755,879148.3464490424,True,738484.4572947755,True,54998.39640759141,0.0,36957.70374292261,790530.6521882203,787192.2462985284,
2025-08-15,0.0,584891.9703309825,True,823885.0626168047,False,0.0,238993.09228582226,36619.90144304749,789934.6030227566,787265.1611737573,
2025-08-16,238993.09228582226,408854.96454985085,True,583675.8589733193,False,0.0,413813.9867092907,35899.463623446114,788611.5457654333,786769.4876356955,
2025-08-17,413813.9867092907,390387.1772181334,True,408851.48389612697,False,0.0,432278.2933872842,36321.591992054426,789362.2323906268,786343.8786133633,
2025-08-18,432278.2933872842,626119.227434723,True,390903.3378864911,False,0.0,197062.4038390523,36001.28279622648,788539.9895813828,787180.3484775488,
2025-08-19,197062.4038390523,635086.8665156622,True,624494.2294821633,False,0.0,186469.76680555346,35817.24433321056,788272.3476977096,785739.3889880051,
2025-08-20,186469.76680555346,595002.9746244095,True,635822.4240888509,False,0.0,227289.21626999485,36098.97254973756,788836.070028245,786193.2183446668,
2025-08-21,227289.21626999485,514306.9021064883,True,593965.7020440116,False,0.0,306948.0162075181,35422.8067137773,787919.1520957169,785832.1116002292,
2025-08-22,306948.0162075181,706128.2026550609,True,514781.3109095058,False,0.0,115601.12446196307,35787.096860858175,788129.5838831855,785942.2302561657,
2025-08-23,115601.12446196307,479978.0287864623,True,708566.5890374966,False,0.0,344189.68471299735,36925.10939950094,789353.9489811105,787242.6040999587,
2025-08-24,344189.68471299735,651881.8375656448,True,476578.69211748696,False,0.0,168886.5392648395,35989.51954114629,787826.3611265183,784778.857289338,
2025-08-25,168886.5392648395,778273.4606283507,True,652709.2282296877,False,0.0,43322.30686617643,36072.39855607138,788130.8948252832,785523.3689384558,
2025-08-26,43322.30686617643,620703.6813313637,True,777443.0174854418,False,0.0,200061.64302025444,36090.419681647414,787841.8268054676,784674.9046699707,
2025-08-27,200061.64302025444,558675.6351420834,True,621561.529909229,False,0.0,262947.53778740007,36206.93415643222,787990.2054448036,785416.2387730513,
2025-08-28,262947.53778740007,522993.0970641901,True,558654.8031913391,False,0.0,298609.2439145491,36366.11720022934,787690.0601625293,785236.2237785099,
2025-08-29,298609.2439145491,718040.581191326,True,520791.0488689698,False,0.0,101359.71159219288,35266.345529621816,786267.8768664586,784133.9472538971,
2025-08-30,101359.71159219288,473184.2413906425,True,721647.3703294665,False,0.0,349822.84053101693,36539.45477816821,787760.5665383465,786467.6271434912,
2025-08-31,349822.84053101693,443344.8813657046,True,470887.20042606175,False,0.0,377365.1595913741,36104.812476140076,787370.7175921113,784605.2284809386,
2025-09-01,377365.1595913741,612082.4674694274,True,441929.48087511066,False,0.0,207212.17299705732,35617.339382986014,786501.5292427116,783677.3010834988,
2025-09-02,207212.17299705732,672451.4880976276,True,612195.1208170276,False,0.0,146955.8057164573,35695.16153292041,787010.8402350211,783712.1322811645,
2025-09-03,146955.8057164573,547063.0771540521,True,674044.0239925479,False,0.0,273936.7525549531,36365.362433410475,787101.0573901878,784634.4672755947,
2025-09-04,273936.7525549531,543074.2141011179,True,546634.3684952392,False,0.0,277496.90694907436,36293.17348504911,786884.4817534921,784277.9475651431,
2025-09-05,277496.90694907436,544429.3877480474,True,543330.5290659432,False,0.0,276398.0482669702,36866.19714995334,787620.7539252099,783961.2388650642,
2025-09-06,276398.0482669702,195062.63070215733,True,542859.3691284792,False,0.0,624194.786693292,35589.08204375628,785695.4565179355,783668.3353516931,
2025-09-07,624194.786693292,221449.44852490837,True,194448.19471981024,False,0.0,597193.5328881938,35955.41249168918,785648.3841349749,782687.568921413,
2025-09-08,597193.5328881938,358814.13772564,True,220450.2488586271,False,0.0,458829.64402118104,35557.216998631884,784866.4167473421,782086.5647481891,
2025-09-09,458829.64402118104,412303.9114435437,True,359565.30958553066,False,0.0,406091.042163168,35702.34452805352,785228.8916526422,782692.6090786582,
2025-09-10,406091.042163168,494732.9734486215,True,411760.13435325806,False,0.0,323118.2030678045,35338.66693547374,784719.6522133583,782512.5095809523,
2025-09-11,323118.2030678045,395515.8745723105,True,493911.1202916147,False,0.0,421513.44878710865,35377.16893601781,784084.7795425508,781652.1544234013,
2025-09-12,421513.44878710865,471877.52982147504,True,397178.6046967703,False,0.0,346814.5236624039,36256.24467531699,785204.665554877,782435.808808562,
2025-09-13,346814.5236624039,297967.25860717107,True,469941.44087481697,False,0.0,518788.7059300498,35963.46736557768,783953.7298585924,780792.4971716432,
2025-09-14,518788.7059300498,284192.8960584017,True,300291.510759084,False,0.0,534887.3206307321,36274.314438020294,784363.2132351962,782805.9022511136,
2025-09-15,534887.3206307321,458555.3010993342,True,281861.06331178884,False,0.0,358193.08284318674,35671.792730358065,783168.6102177995,781076.5912121629,
2025-09-16,358193.08284318674,391822.11280396645,True,458970.7590717403,False,0.0,425341.7291109607,36150.9350899305,783907.005990485,781012.9068249966,
2025-09-17,425341.7291109607,519694.35457559646,True,391462.5341586635,False,0.0,297109.90869402775,36177.07707706854,783138.9081009439,780627.1861925556,
2025-09-18,297109.90869402775,422216.6033725675,True,517362.0131458064,False,0.0,392255.3184672667,35056.45835469974,781895.4139329217,779415.4634851344,
2025-09-19,392255.3184672667,335628.462245784,True,424213.37660825055,False,0.0,480840.2328297333,36198.84898554048,783115.5909405288,780269.8460899767,
2025-09-20,480840.2328297333,197580.90364843374,True,333600.91218896455,False,0.0,616860.2413702641,34804.48567635869,781296.1614247252,779636.6593423391,
2025-09-21,616860.2413702641,195096.81978971732,True,198035.93965833331,False,0.0,619799.3612388801,35683.26334739501,781675.977273635,779212.9176812024,
2025-09-22,619799.3612388801,626918.7944247322,True,195214.94297806564,False,0.0,188095.50979221356,35892.8706280343,781638.0629421184,779121.4335889114,
2025-09-23,188095.50979221356,421479.83769065613,True,626409.1077861043,False,0.0,393024.77988766175,35632.192527443665,781165.726441672,778872.4250508742,
2025-09-24,393024.77988766175,423940.4808181957,True,421115.1161462085,False,0.0,390199.4152156746,36059.86116479298,781158.9018324153,778080.0348690773,
2025-09-25,390199.4152156746,692610.2401338157,True,424652.91133560956,False,0.0,122242.0864174685,36046.01271962268,781564.5242595664,778806.3138316615,
2025-09-26,122242.0864174685,526267.4377805353,True,691664.704998223,False,0.0,287639.3536351562,35634.629475902155,780896.5372288921,778272.1619397893,
2025-09-27,287639.3536351562,239857.55207973853,True,525955.3818207274,False,0.0,573737.1833761451,35564.14291331763,780566.265152531,778030.5925425659,
2025-09-28,573737.1833761451,297629.88383952895,True,239195.16561250118,False,0.0,515302.46514911734,35242.89777273904,779739.0652760938,777689.4512159072,
2025-09-29,515302.46514911734,524475.0584824447,True,296403.53936945024,False,0.0,287230.94603612286,35068.37798356068,778998.8037155364,776637.6265350069,
2025-09-30,287230.94603612286,517169.51158856263,True,523530.63678226515,False,0.0,293592.0712298254,34276.05277024839,778596.6582933817,776485.5300481396,
2025-10-01,293592.0712298254,601174.2400025601,True,517765.78033019934,False,0.0,210183.6115574647,35053.929935244785,778960.1254917276,776303.9216247799,
2025-10-02,210183.6115574647,591766.8178679101,True,602349.4401787517,False,0.0,220766.23386830627,35201.52990568471,779195.4204264431,777331.5218305317,
2025-10-03,220766.23386830627,686544.3173190537,True,590057.475017549,False,0.0,124279.39156680158,34671.83449099134,778105.3836591755,776151.874394864,
2025-10-04,124279.39156680158,300339.33169649506,True,686986.5107783708,False,0.0,510926.5706486773,35091.20026592571,778535.8712541835,776174.7020792466,
2025-10-05,510926.5706486773,596609.5345531943,True,301131.2222048809,False,0.0,215448.2583003639,35402.91832348156,778922.2774020483,776654.8745300766,
2025-10-06,215448.2583003639,581702.6753755749,True,596260.4949803744,False,0.0,230006.0779051634,35176.925379373635,778650.3241445572,776531.8279013647,
2025-10-07,230006.0779051634,626995.0226137941,True,581728.7070769633,False,0.0,184739.7623683326,35462.91417726378,778747.2940425018,776271.8708048629,
2025-10-08,184739.7623683326,529807.2688665064,True,625508.5192916292,False,0.0,280441.0127934554,34875.078238352085,777847.2529707173,775373.2034216097,
2025-10-09,280441.0127934554,613390.1648798345,True,530990.7618461754,False,0.0,198041.6097597963,35275.67970258355,778201.0310430741,776156.0949370472,
2025-10-10,198041.6097597963,1352522.852637616,True,613147.7027428288,True,541333.5401349909,0.0,35498.9661137771,778711.7861074802,775690.3463888479,
2025-10-11,0.0,994847.4020258458,True,811181.6936977463,True,183665.70832809957,0.0,35234.154005324446,778702.5998111467,775947.5396924218,
2025-10-12,0.0,813672.0048222292,True,810942.9753848219,True,2729.029437407269,0.0,34963.76284530228,778436.9648079969,775979.2125395196,
2025-10-13,0.0,620988.611396316,True,811102.3790056544,False,0.0,190113.7676093384,34899.35110896402,778311.8839020379,776203.0278966903,
2025-10-14,190113.7676093384,815187.4685511737,True,621265.9390389033,True,3807.7619029319612,0.0,34702.16259414386,778261.5085726245,776677.5440540978,
2025-10-15,0.0,655100.7408856476,True,813003.1100981014,False,0.0,157902.36921245384,35821.8563772241,779875.561433878,777181.2537208773,
2025-10-16,157902.36921245384,807002.6763486769,True,652927.0268720704,False,0.0,3826.7197358473204,34907.0740211627,778045.5479097909,775922.3220633615,
2025-10-17,3826.7197358473204,936462.1219895072,True,807983.9021527007,True,124651.50010095921,0.0,35427.524399058995,779159.3476955483,776383.097489489,
2025-10-18,0.0,352430.1914562808,True,812227.8340368664,False,0.0,459797.6425805856,35573.377974268355,779029.6494971052,776654.456062598,
2025-10-19,459797.6425805856,438561.2534128329,True,352559.09334709577,False,0.0,373795.4825148485,36077.62684143131,779461.6576752029,776279.1090862501,
2025-10-20,373795.4825148485,574268.9911590524,True,437765.7403412884,False,0.0,237292.23169708462,35829.58129069416,778742.4017903805,775731.6415654428,
2025-10-21,237292.23169708462,932865.7458465016,True,573873.3383173653,True,121700.17583205167,0.0,35586.71252624724,778643.2427249877,775578.8574882026,
2025-10-22,0.0,750376.7694089562,True,810511.7574539921,False,0.0,60134.98804503598,34927.651967657264,778068.3600202097,775584.1054863349,
2025-10-23,60134.98804503598,499175.18445729534,True,751372.865870789,False,0.0,312332.6694585297,35246.73483212521,778187.2736522972,776261.1190836998,
2025-10-24,312332.6694585297,433748.679383032,True,498643.4858410322,False,0.0,377227.4759165298,35828.3418900782,778550.7344783035,775147.8134094836,
2025-10-25,377227.4759165298,221312.12106584533,True,430375.22734290647,False,0.0,586290.5821935908,34365.048542498786,776314.4005751363,773237.6547169375,
2025-10-26,586290.5821935908,364354.2690919137,True,220957.7672514464,False,0.0,442894.0803531235,34130.60512711239,776014.118998781,773117.7443179248,
2025-10-27,442894.0803531235,541199.8103016346,True,366638.3560571754,False,0.0,268332.6261086642,34892.910629069396,776812.1874417049,774639.5257812295,
2025-10-28,268332.6261086642,571266.4469403888,True,540843.2913439015,False,0.0,237909.47051217698,34980.085012502735,777051.0679575929,774195.832440063,
2025-10-29,237909.47051217698,565098.0990475031,True,571457.8786430447,False,0.0,244269.25010771863,35303.68633283786,776976.2089036441,774063.6628223838,
2025-10-30,244269.25010771863,643309.2932388188,True,565700.0792365428,False,0.0,166660.03610544268,35082.459967650066,776700.4363808208,774886.8693766114,
2025-10-31,166660.03610544268,548489.0793156963,True,642204.7610372829,False,0.0,260375.7178270293,34997.82781842897,776345.8199816903,773866.9693242966,
2025-11-01,260375.7178270293,235060.19306207736,True,547907.6581686225,False,0.0,573223.1829335744,34793.997349710706,775976.6400483332,773489.3786459411,
2025-11-02,573223.1829335744,309872.79158800474,True,236301.25434518766,False,0.0,499651.6456907574,35289.5880117578,776243.9101581125,774234.8492670043,
2025-11-03,499651.6456907574,683751.2877691095,True,307799.12004929676,False,0.0,123699.47797094472,34310.667377507736,775348.3006961634,773140.0983625464,
2025-11-04,123699.47797094472,1092298.5827636635,True,683961.3200932047,True,284637.78469951404,0.0,34274.20613058039,775362.242416928,773386.591933569,
2025-11-05,0.0,746785.6747730795,True,809267.4665628858,False,0.0,62481.79178980633,35156.00110826504,776348.4637115948,774111.4654546208,
2025-11-06,62481.79178980633,631114.8994516281,True,745667.1668971217,False,0.0,177034.05923529994,34840.08876837604,776268.9266896936,773308.869918552,
2025-11-07,177034.05923529994,891611.5375905744,True,632383.9103158218,True,82193.56803945266,0.0,35703.052851106804,776956.2942423959,773714.9167000148,
2025-11-08,0.0,502988.13233098923,True,809124.6587358197,False,0.0,306136.5264048305,35586.53232448502,776453.7568721259,773538.1264113347,
2025-11-09,306136.5264048305,569895.414621511,True,504515.8450438904,False,0.0,240756.9568272099,35893.29181992085,776870.3675822474,774759.0796288,
2025-11-10,240756.9568272099,656491.7302260008,True,567515.5050214932,False,0.0,151780.73162270233,34923.89573743561,775737.6331167812,773348.5661112675,
2025-11-11,151780.73162270233,690600.2587951949,True,657555.2732191151,False,0.0,118735.74604662252,35605.78749542749,776752.7306872713,773730.2173463899,
2025-11-12,118735.74604662252,632944.7363432314,True,689136.9023263702,False,0.0,174927.91202976136,34956.61139767965,775887.5008538499,772916.0369753131,
2025-11-13,174927.91202976136,1018549.3455043181,True,632946.4680967468,True,210674.96537780995,0.0,34798.89037605772,775625.9650480896,773075.4897504505,
2025-11-14,0.0,1211325.4243093783,True,809150.7849745074,True,402174.63933487085,0.0,34947.55584641317,776381.5232142746,774203.2291280943,
2025-11-15,0.0,402941.4943366433,True,808434.8016861012,False,0.0,405493.30734945793,35216.067873577806,775828.5719730711,773218.7338125234,
2025-11-16,405493.30734945793,754814.6245060626,True,404224.0138222313,False,0.0,54902.69666562672,35185.245565448036,776568.4997299744,774532.0756062412,
2025-11-17,54902.69666562672,1022719.1083446103,True,750996.4809330654,True,216819.9307459182,0.0,33971.65018831308,775014.2796534479,771927.527410379,
2025-11-18,0.0,1090207.59059214,True,812125.1211207967,True,278082.46947134344,0.0,36096.69887929544,777646.3960044736,776028.4222415012,
2025-11-19,0.0,878472.454453743,True,810958.6555939864,True,67513.79885975656,0.0,36268.24335013813,777826.3263348686,774690.4122438482,
2025-11-20,0.0,1130884.2055294479,True,810293.2664208541,True,320590.93910859374,0.0,36177.425198420766,777811.678042648,774115.8412224334,
2025-11-21,0.0,1517880.6272072957,True,810500.8228442756,True,707379.8043630201,0.0,34953.21245633239,777646.754146245,775547.6103879432,
2025-11-22,0.0,481912.4617085941,True,809602.0500196496,False,0.0,327689.58831105544,35143.35586279202,777478.0593038345,774458.6941568576,
2025-11-23,327689.58831105544,669125.4000167941,True,484426.94300036004,False,0.0,142991.1312946214,35337.03935987947,777702.2528542713,776779.491951536,
2025-11-24,142991.1312946214,843247.1030191974,True,665772.9920982574,True,34482.979626318556,0.0,34285.11384019282,776669.2165811388,774479.009552686,
2025-11-25,0.0,742339.593075416,True,808774.7983305998,False,0.0,66435.20525518374,34274.63960356554,776592.9001071702,774500.1587270342,
2025-11-26,66435.20525518374,734616.6743293036,True,745258.4355000992,False,0.0,77076.9664259794,35553.995446974724,777940.7644254238,776139.6453083082,
2025-11-27,77076.9664259794,624860.4756786068,True,730522.1343548078,False,0.0,182738.6251021804,34509.12434958586,776473.822258035,773089.9764312013,
2025-11-28,182738.6251021804,669779.170238431,True,626000.0302159896,False,0.0,138959.485079739,34404.26295622659,776433.5335950643,774334.3923619434,
2025-11-29,138959.485079739,417402.7489183315,True,669513.9300004637,False,0.0,391070.6661618712,34355.1774477324,776414.5686861308,774118.2376324703,
2025-11-30,391070.6661618712,425888.55210331955,True,418068.8357949321,False,0.0,383250.9498534837,34957.42497607838,776710.4360263943,774182.0769807249,
2025-12-01,383250.9498534837,1019014.0668845354,True,427126.3720076176,True,208636.74502343405,0.0,35219.505022248246,777129.573751367,775157.8168388531,
2025-12-02,0.0,859842.6223915416,True,811612.793206959,True,48229.82918458257,0.0,35792.639254742506,777982.6513426627,775820.1539522165,
2025-12-03,0.0,830236.5830722632,True,809546.7823867764,True,20689.800685486756,0.0,35012.08904679198,777281.8767792246,774534.6933399844,
2025-12-04,0.0,700426.1394456631,True,810945.5447924803,False,0.0,110519.40534681722,35667.70038051535,777582.6276150896,775277.844411965,
2025-12-05,110519.40534681722,707662.8856234071,True,698765.5379173992,False,0.0,101622.05764080933,35167.31918975491,776783.894728834,774117.6240744615,
2025-12-06,101622.05764080933,425596.8591067506,True,708285.4952250618,False,0.0,384310.69375912054,35094.48447696571,776934.1444404642,774813.0683889054,
2025-12-07,384310.69375912054,524247.1446731148,True,426113.29426786036,False,0.0,286176.8433538661,34983.91389316626,776776.6023044368,775440.0741338147,
2025-12-08,286176.8433538661,633207.9703842787,True,523094.35503846,False,0.0,176063.22800804733,35258.986698580935,776622.3910504302,774012.2116937451,
2025-12-09,176063.22800804733,721334.4188358267,True,633666.400559795,False,0.0,88395.20973201562,35168.375097868884,776755.5530786251,774561.2534699735,
2025-12-10,88395.20973201562,710932.6500704112,True,720502.3811124798,False,0.0,97964.9407740843,35237.99847750238,776556.3976823135,773659.5923669931,
2025-12-11,97964.9407740843,697566.7788928908,True,712219.4439081164,False,0.0,112617.60578930995,35660.268405630486,776993.1578935167,774524.1162765702,
2025-12-12,112617.60578930995,889282.334823676,True,697441.0696481562,True,79223.65938620991,0.0,35444.49470440097,776914.3889077398,774614.1807330651,
2025-12-13,0.0,711391.6405125869,True,809196.6577850992,False,0.0,97805.01727251231,34748.8378544781,776486.5851897309,774447.8199306212,
2025-12-14,97805.01727251231,572337.6168197843,True,712137.1638657043,False,0.0,237604.56431843236,35263.21198439137,776589.1371083655,774678.9691538253,
2025-12-15,237604.56431843236,527188.4939306069,True,572221.2002543069,False,0.0,282637.2706421324,35086.578500221425,776602.6164174643,774739.1860725179,
2025-12-16,282637.2706421324,469721.159810495,True,526010.0320540117,False,0.0,338926.1428856491,34673.272202549306,775581.9227212428,773974.0304935948,
2025-12-17,338926.1428856491,513599.5229079733,True,469188.4659631879,False,0.0,294515.08594086365,34304.919639661966,775388.4772078362,773809.6892091751,
2025-12-18,294515.08594086365,616259.8863065045,True,513412.78727068333,False,0.0,191667.98690504255,35124.22521667549,775744.829961525,772803.6479948715,
2025-12-19,191667.98690504255,530437.1871901556,True,616661.8846443217,False,0.0,277892.6843592087,35180.8484004096,775864.7226629824,773149.0231489547,
2025-12-20,277892.6843592087,166261.3947636512,True,530792.1636689322,False,0.0,642423.4532644897,35386.81032812989,775871.5845624061,773298.0377000109,
2025-12-21,642423.4532644897,223935.12495521698,True,165457.81785038183,False,0.0,583946.1461596545,34928.655673103865,775053.3964912426,772952.6154417676,
2025-12-22,583946.1461596545,429963.446715122,True,224044.50289340265,False,0.0,378027.2023379352,35431.903193503786,774988.9331720981,772558.7458595533,
2025-12-23,378027.2023379352,499725.5763722058,True,431527.1473834011,False,0.0,309828.77334913047,35572.18153361899,775393.892396557,773982.1681877173,
2025-12-24,309828.77334913047,291630.2490276058,True,496217.31513926544,False,0.0,514415.8394607901,34693.678856680155,774113.7333012553,771352.4096317157,
2025-12-25,514415.8394607901,228730.15780929456,True,290808.73476116895,False,0.0,576494.4164126646,34259.606108269385,773288.7846872794,770964.9681136897,
2025-12-26,576494.4164126646,486311.3360224717,True,231199.95139062952,False,0.0,321383.0317808224,34547.169169079396,773730.2676671909,773147.1986342147,
2025-12-27,321383.0317808224,156501.8434271083,True,484495.10364969505,False,0.0,649376.292003409,34213.14790384408,772931.0169765421,771664.9875266734,
2025-12-28,649376.292003409,172555.51526582747,True,155556.6288803734,False,0.0,632377.4056179549,34950.513767384786,772987.8191309507,769982.4071163976,
2025-12-29,632377.4056179549,555573.3172841041,True,173117.39179471342,False,0.0,249921.4801285643,34932.6445608687,772878.6553599774,770562.1528517996,
2025-12-30,249921.4801285643,402423.4171450855,True,557073.0051248465,False,0.0,404571.06810832524,35078.78078731617,773067.7047643352,771915.7044660946,
2025-12-31,404571.06810832524,386591.974099756,True,401434.1038672219,False,0.0,419413.19787579123,35368.395225030676,772892.3471658266,770636.7767505165,
