date,close,volume
2022-01-01,47686.8125,24582667004
2022-01-02,47345.21875,27951569547
2022-01-03,46458.1171875,33071628362
2022-01-04,45897.57421875,42494677905
2022-01-05,43569.00390625,36851084859
2022-01-06,43160.9296875,30208048289
2022-01-07,41557.90234375,84196607520
2022-01-08,41733.94140625,28066355845
2022-01-09,41911.6015625,21294384372
2022-01-10,41821.26171875,32104232331
2022-01-11,42735.85546875,26327648900
2022-01-12,43949.1015625,33499938689
2022-01-13,42591.5703125,47691135082
2022-01-14,43099.69921875,23577403399
2022-01-15,43177.3984375,18371348298
2022-01-16,43113.87890625,17902097845
2022-01-17,42250.55078125,21690904261
2022-01-18,42375.6328125,22417209227
2022-01-19,41744.328125,23091543258
2022-01-20,40680.41796875,20382033940
2022-01-21,36457.31640625,43011992031
2022-01-22,35030.25,39714385405
2022-01-23,36276.8046875,26017975951
2022-01-24,36654.328125,41856658597
2022-01-25,36954.00390625,26428189594
2022-01-26,36852.12109375,31324598034
2022-01-27,37138.234375,25041426629
2022-01-28,37784.33203125,22238830523
2022-01-29,38138.1796875,17194183075
2022-01-30,37917.6015625,14643548444
2022-01-31,38483.125,20734730465
2022-02-01,38743.2734375,20288500328
2022-02-02,36952.984375,19155189416
2022-02-03,37154.6015625,18591534769
2022-02-04,41500.875,29412210792
2022-02-05,41441.1640625,19652846215
2022-02-06,42412.43359375,16142097334
2022-02-07,43840.28515625,28641855926
2022-02-08,44118.4453125,33079398868
2022-02-09,44338.796875,23245887300
2022-02-10,43565.11328125,32142048537
2022-02-11,42407.9375,26954925781
2022-02-12,42244.46875,18152390304
2022-02-13,42197.515625,14741589015
2022-02-14,42586.91796875,20827783012
2022-02-15,44575.203125,22721659051
2022-02-16,43961.859375,19792547657
2022-02-17,40538.01171875,26246662813
2022-02-18,40030.9765625,23310007704
2022-02-19,40122.15625,13736557863
2022-02-20,38431.37890625,18340576452
2022-02-21,37075.28125,29280402798
2022-02-22,38286.02734375,25493150450
2022-02-23,37296.5703125,21849073843
2022-02-24,38332.609375,46383802093
2022-02-25,39214.21875,26545599159
2022-02-26,39105.1484375,17467554129
2022-02-27,37709.78515625,23450127612
2022-02-28,43193.234375,35690014104
2022-03-01,44354.63671875,32479047645
2022-03-02,43924.1171875,29183112630
2022-03-03,42451.7890625,24967782593
2022-03-04,39137.60546875,28516271427
2022-03-05,39400.5859375,16975917450
2022-03-06,38419.984375,19745229902
2022-03-07,38062.0390625,28546143503
2022-03-08,38737.26953125,25776583476
2022-03-09,41982.92578125,32284121034
2022-03-10,39437.4609375,31078064711
2022-03-11,38794.97265625,26364890465
2022-03-12,38904.01171875,14616450657
2022-03-13,37849.6640625,17300745310
2022-03-14,39666.75390625,24322159070
2022-03-15,39338.78515625,23934000868
2022-03-16,41143.9296875,39616916192
2022-03-17,40951.37890625,22009601093
2022-03-18,41801.15625,34421564942
2022-03-19,42190.65234375,19664853187
2022-03-20,41247.82421875,20127946682
2022-03-21,41077.99609375,24615543271
2022-03-22,42358.80859375,32004652376
2022-03-23,42892.95703125,25242943069
2022-03-24,43960.93359375,31042992291
2022-03-25,44348.73046875,30574413034
2022-03-26,44500.828125,16950455995
2022-03-27,46820.4921875,28160889722
2022-03-28,47128.00390625,36362175703
2022-03-29,47465.73046875,31397059069
2022-03-30,47062.6640625,29333883962
2022-03-31,45538.67578125,33327427106
2022-04-01,46281.64453125,38162644287
2022-04-02,45868.94921875,29336594194
2022-04-03,46453.56640625,25414397610
2022-04-04,46622.67578125,32499785455
2022-04-05,45555.9921875,29640604055
2022-04-06,43206.73828125,39393395788
2022-04-07,43503.84765625,26101973106
2022-04-08,42287.6640625,27215995394
2022-04-09,42782.13671875,16050772496
2022-04-10,42207.671875,17654475582
2022-04-11,39521.90234375,33949912166
2022-04-12,40127.18359375,30991500854
2022-04-13,41166.73046875,27691105228
2022-04-14,39935.515625,24342001973
2022-04-15,40553.46484375,21756855753
2022-04-16,40424.484375,16833150693
2022-04-17,39716.953125,19087633042
2022-04-18,40826.21484375,33705182072
2022-04-19,41502.75,25303206547
2022-04-20,41374.37890625,27819532341
2022-04-21,40527.36328125,35372786395
2022-04-22,39740.3203125,28011716745
2022-04-23,39486.73046875,16138021249
2022-04-24,39469.29296875,17964398167
2022-04-25,40458.30859375,35445730570
2022-04-26,38117.4609375,34569088416
2022-04-27,39241.12109375,30981015184
2022-04-28,39773.828125,33903704907
2022-04-29,38609.82421875,30882994649
2022-04-30,37714.875,23895713731
2022-05-01,38469.09375,27002760110
2022-05-02,38529.328125,32922642426
2022-05-03,37750.453125,27326943244
2022-05-04,39698.37109375,36754404490
2022-05-05,36575.140625,43106256317
2022-05-06,36040.921875,37795577489
2022-05-07,35501.953125,24375896406
2022-05-08,34059.265625,36763041910
2022-05-09,30296.953125,63355494961
2022-05-10,31022.90625,59811038817
2022-05-11,28936.35546875,70388855818
2022-05-12,29047.751953125,66989173272
2022-05-13,29283.103515625,42841124537
2022-05-14,30101.265625,28579868620
2022-05-15,31305.11328125,25835372065
2022-05-16,29862.91796875,32613897286
2022-05-17,30425.857421875,29101473475
2022-05-18,28720.271484375,31285268319
2022-05-19,30314.333984375,33773447707
2022-05-20,29200.740234375,30749382605
2022-05-21,29432.2265625,17274840442
2022-05-22,30323.72265625,21631532270
2022-05-23,29098.91015625,31483454557
2022-05-24,29655.5859375,26616506245
2022-05-25,29562.361328125,27525063551
2022-05-26,29267.224609375,36774325352
2022-05-27,28627.57421875,36582005748
2022-05-28,28814.900390625,35519577634
2022-05-29,29445.95703125,18093886409
2022-05-30,31726.390625,39277993274
2022-05-31,31792.310546875,33538210634
2022-06-01,29799.080078125,41135817341
2022-06-02,30467.48828125,29083562061
2022-06-03,29704.390625,26175547452
2022-06-04,29832.9140625,16588370958
2022-06-05,29906.662109375,17264085441
2022-06-06,31370.671875,31947336829
2022-06-07,31155.478515625,40770974039
2022-06-08,30214.35546875,30242059107
2022-06-09,30111.998046875,21692004719
2022-06-10,29083.8046875,29867476527
2022-06-11,28360.810546875,27246574439
2022-06-12,26762.6484375,34163220274
2022-06-13,22487.388671875,68204556440
2022-06-14,22206.79296875,50913575242
2022-06-15,22572.83984375,54912007015
2022-06-16,20381.650390625,31183975654
2022-06-17,20471.482421875,27132421514
2022-06-18,19017.642578125,42009436760
2022-06-19,20553.271484375,35329942625
2022-06-20,20599.537109375,30818458597
2022-06-21,20710.59765625,28970212744
2022-06-22,19987.029296875,28574793478
2022-06-23,21085.876953125,26188097173
2022-06-24,21231.65625,24957784918
2022-06-25,21502.337890625,18372538715
2022-06-26,21027.294921875,18027170497
2022-06-27,20735.478515625,20965695707
2022-06-28,20280.634765625,21381535161
2022-06-29,20104.0234375,23552740328
2022-06-30,19784.7265625,26267239923
2022-07-01,19269.3671875,30767551159
2022-07-02,19242.255859375,18100418740
2022-07-03,19297.076171875,16390821947
2022-07-04,20231.26171875,21594638208
2022-07-05,20190.115234375,26715546990
2022-07-06,20548.24609375,24598943708
2022-07-07,21637.587890625,25814972520
2022-07-08,21731.1171875,49899834488
2022-07-09,21592.20703125,29641127858
2022-07-10,20860.44921875,28688807249
2022-07-11,19970.556640625,24150249025
2022-07-12,19323.9140625,25810220018
2022-07-13,20212.07421875,33042430345
2022-07-14,20569.919921875,31158743333
2022-07-15,20836.328125,25905575359
2022-07-16,21190.31640625,24302954056
2022-07-17,20779.34375,22927802083
2022-07-18,22485.689453125,39974475562
2022-07-19,23389.43359375,48765202697
2022-07-20,23231.732421875,42932549127
2022-07-21,23164.62890625,33631012204
2022-07-22,22714.978515625,31421555646
2022-07-23,22465.478515625,24021799169
2022-07-24,22609.1640625,23565495303
2022-07-25,21361.701171875,35574561406
2022-07-26,21239.75390625,28624673855
2022-07-27,22930.548828125,31758955233
2022-07-28,23843.88671875,40212386158
2022-07-29,23804.6328125,35887249746
2022-07-30,23656.20703125,28148218301
2022-07-31,23336.896484375,23553591896
2022-08-01,23314.19921875,25849159141
2022-08-02,22978.1171875,28389250717
2022-08-03,22846.5078125,26288169966
2022-08-04,22630.95703125,25120229769
2022-08-05,23289.314453125,28881249043
2022-08-06,22961.279296875,15978259885
2022-08-07,23175.890625,15886817043
2022-08-08,23809.486328125,28575544847
2022-08-09,23164.318359375,23555719219
2022-08-10,23947.642578125,32837431722
2022-08-11,23957.529296875,37127036580
2022-08-12,24402.818359375,27265804688
2022-08-13,24424.068359375,22987346289
2022-08-14,24319.333984375,22994133555
2022-08-15,24136.97265625,35123501685
2022-08-16,23883.291015625,27753685646
2022-08-17,23335.998046875,30931623076
2022-08-18,23212.73828125,23747613147
2022-08-19,20877.552734375,40509610260
2022-08-20,21166.060546875,27595671000
2022-08-21,21534.12109375,23102307723
2022-08-22,21398.908203125,31666498758
2022-08-23,21528.087890625,31878280659
2022-08-24,21395.01953125,31962253368
2022-08-25,21600.904296875,31028679593
2022-08-26,20260.01953125,42326789564
2022-08-27,20041.73828125,30116729776
2022-08-28,19616.814453125,24366810591
2022-08-29,20297.994140625,32637854078
2022-08-30,19796.80859375,34483360283
2022-08-31,20049.763671875,33225232872
2022-09-01,20127.140625,30182031010
2022-09-02,19969.771484375,29123998928
2022-09-03,19832.087890625,23613051457
2022-09-04,19986.712890625,25245861652
2022-09-05,19812.37109375,28813460025
2022-09-06,18837.66796875,43403978910
2022-09-07,19290.32421875,35239757134
2022-09-08,19329.833984375,32194477850
2022-09-09,21381.15234375,48469528171
2022-09-10,21680.5390625,36913738894
2022-09-11,21769.255859375,34493951963
2022-09-12,22370.44921875,50212088965
2022-09-13,20296.70703125,51091116622
2022-09-14,20241.08984375,37872380889
2022-09-15,19701.2109375,36389011503
2022-09-16,19772.583984375,30123362273
2022-09-17,20127.576171875,24957448100
2022-09-18,19419.505859375,31254779144
2022-09-19,19544.12890625,40177002624
2022-09-20,18890.7890625,36791346508
2022-09-21,18547.400390625,46363793975
2022-09-22,19413.55078125,41135767926
2022-09-23,19297.638671875,38896078052
2022-09-24,18937.01171875,26149643168
2022-09-25,18802.09765625,23359966112
2022-09-26,19222.671875,44148798321
2022-09-27,19110.546875,58571439619
2022-09-28,19426.720703125,53071298734
2022-09-29,19573.05078125,41037843771
2022-09-30,19431.7890625,43975248085
2022-10-01,19312.095703125,18719537670
2022-10-02,19044.107421875,20765955327
2022-10-03,19623.580078125,30484729489
2022-10-04,20336.84375,35887278685
2022-10-05,20160.716796875,33223790572
2022-10-06,19955.443359375,34711412966
2022-10-07,19546.849609375,29227315390
2022-10-08,19416.568359375,16437423167
2022-10-09,19446.42578125,16837262532
2022-10-10,19141.484375,27425022774
2022-10-11,19051.41796875,28711532910
2022-10-12,19157.4453125,24950173846
2022-10-13,19382.904296875,44219840004
2022-10-14,19185.65625,38452356727
2022-10-15,19067.634765625,16192235532
2022-10-16,19268.09375,17988916650
2022-10-17,19550.7578125,27472552998
2022-10-18,19334.416015625,30580012344
2022-10-19,19139.53515625,22425387184
2022-10-20,19053.740234375,24493974420
2022-10-21,19172.46875,32459287866
2022-10-22,19208.189453125,16104440957
2022-10-23,19567.0078125,22128794335
2022-10-24,19345.572265625,30202235805
2022-10-25,20095.857421875,47761524910
2022-10-26,20770.44140625,58895950537
2022-10-27,20285.8359375,49625110402
2022-10-28,20595.3515625,43994715910
2022-10-29,20818.4765625,40369840645
2022-10-30,20635.603515625,31486345556
2022-10-31,20495.7734375,45668466815
2022-11-01,20485.2734375,39819303159
2022-11-02,20159.50390625,55552169483
2022-11-03,20209.98828125,43228750179
2022-11-04,21147.23046875,64072727950
2022-11-05,21282.69140625,37846047609
2022-11-06,20926.486328125,35082693210
2022-11-07,20602.81640625,53510852236
2022-11-08,18541.271484375,118992465607
2022-11-09,15880.7802734375,102905151606
2022-11-10,17586.771484375,83202283721
2022-11-11,17034.29296875,55871616488
2022-11-12,16799.185546875,29717699419
2022-11-13,16353.365234375,27209183682
2022-11-14,16618.19921875,49630243054
2022-11-15,16884.61328125,36599436183
2022-11-16,16669.439453125,33925512989
2022-11-17,16687.517578125,27868914022
2022-11-18,16697.77734375,26862218609
2022-11-19,16711.546875,16106223492
2022-11-20,16291.83203125,21313378652
2022-11-21,15787.2841796875,37429485518
2022-11-22,16189.76953125,30726828760
2022-11-23,16610.70703125,32958875628
2022-11-24,16604.46484375,26129037414
2022-11-25,16521.841796875,18678255976
2022-11-26,16464.28125,18000008764
2022-11-27,16444.626953125,20443898509
2022-11-28,16217.322265625,27743025156
2022-11-29,16444.982421875,23581685468
2022-11-30,17168.56640625,29523576583
2022-12-01,16967.1328125,22895392882
2022-12-02,17088.66015625,19539705127
2022-12-03,16908.236328125,16217776704
2022-12-04,17130.486328125,16824520830
2022-12-05,16974.826171875,22209086834
2022-12-06,17089.50390625,19889922369
2022-12-07,16848.126953125,19675404389
2022-12-08,17233.474609375,20496603770
2022-12-09,17133.15234375,20328426366
2022-12-10,17128.724609375,12706781969
2022-12-11,17104.193359375,14122486832
2022-12-12,17206.4375,19617581341
2022-12-13,17781.318359375,26634741631
2022-12-14,17815.650390625,25534481470
2022-12-15,17364.865234375,20964448341
2022-12-16,16647.484375,24031608960
2022-12-17,16795.091796875,14463581825
2022-12-18,16757.9765625,10924354698
2022-12-19,16439.6796875,17221074814
2022-12-20,16906.3046875,22722096615
2022-12-21,16817.53515625,14882945045
2022-12-22,16830.341796875,16441573050
2022-12-23,16796.953125,15329265213
2022-12-24,16847.755859375,9744636213
2022-12-25,16841.986328125,11656379938
2022-12-26,16919.8046875,11886957804
2022-12-27,16717.173828125,15748580239
2022-12-28,16552.572265625,17005713920
2022-12-29,16642.341796875,14472237479
2022-12-30,16602.5859375,15929162910
2022-12-31,16547.49609375,11239186456
2023-01-01,16625.080078125,9244361700
2023-01-02,16688.470703125,12097775227
2023-01-03,16679.857421875,13903079207
2023-01-04,16863.23828125,18421743322
2023-01-05,16836.736328125,13692758566
2023-01-06,16951.96875,14413662913
2023-01-07,16955.078125,7714767174
2023-01-08,17091.14453125,9768827914
2023-01-09,17196.5546875,18624736866
2023-01-10,17446.29296875,15808338949
2023-01-11,17934.896484375,18372283782
2023-01-12,18869.587890625,34971338710
2023-01-13,19909.57421875,29225029694
2023-01-14,20976.298828125,38967784639
2023-01-15,20880.798828125,19298407543
2023-01-16,21169.6328125,26792494050
2023-01-17,21161.51953125,24999983362
2023-01-18,20688.78125,30005625418
2023-01-19,21086.79296875,21152848261
2023-01-20,22676.552734375,28799154319
2023-01-21,22777.625,32442278429
2023-01-22,22720.416015625,24746386230
2023-01-23,22934.431640625,26518700512
2023-01-24,22636.46875,26405069715
2023-01-25,23117.859375,30685366709
2023-01-26,23032.77734375,26357839322
2023-01-27,23078.728515625,25383335641
2023-01-28,23031.08984375,14712928379
2023-01-29,23774.56640625,27423687259
2023-01-30,22840.138671875,27205595568
2023-01-31,23139.283203125,22837828665
2023-02-01,23723.76953125,26683255504
2023-02-02,23471.87109375,32066936882
2023-02-03,23449.322265625,27083066007
2023-02-04,23331.84765625,15639298538
2023-02-05,22955.666015625,19564262605
2023-02-06,22760.109375,23825006542
2023-02-07,23264.291015625,27187964471
2023-02-08,22939.3984375,25371367758
2023-02-09,21819.0390625,32572572185
2023-02-10,21651.18359375,27078406594
2023-02-11,21870.875,16356226232
2023-02-12,21788.203125,17821046406
2023-02-13,21808.1015625,23918742607
2023-02-14,22220.8046875,26792596581
2023-02-15,24307.841796875,32483312909
2023-02-16,23623.474609375,39316664596
2023-02-17,24565.6015625,41358451255
2023-02-18,24641.27734375,19625427158
2023-02-19,24327.642578125,25555105670
2023-02-20,24829.1484375,28987376573
2023-02-21,24436.353515625,31252098714
2023-02-22,24188.84375,30199996781
2023-02-23,23947.4921875,30476264066
2023-02-24,23198.126953125,26811744928
2023-02-25,23175.375,16100721565
2023-02-26,23561.212890625,16644534842
2023-02-27,23522.87109375,22660763494
2023-02-28,23147.353515625,20535363434
2023-03-01,23646.55078125,24662841200
2023-03-02,23475.466796875,20386398516
2023-03-03,22362.6796875,26062404610
2023-03-04,22353.349609375,11166012913
2023-03-05,22435.513671875,13317001733
2023-03-06,22429.7578125,17353192895
2023-03-07,22219.76953125,22765452204
2023-03-08,21718.080078125,22536575684
2023-03-09,20363.021484375,30364664171
2023-03-10,20187.244140625,39578257695
2023-03-11,20632.41015625,30180288176
2023-03-12,22163.94921875,29279035521
2023-03-13,24197.533203125,49466362688
2023-03-14,24746.07421875,54622230164
2023-03-15,24375.9609375,43655701450
2023-03-16,25052.7890625,33866061747
2023-03-17,27423.9296875,50730261335
2023-03-18,26965.87890625,35723036817
2023-03-19,28038.67578125,37769448859
2023-03-20,27767.236328125,44774027664
2023-03-21,28175.81640625,36102192830
2023-03-22,27307.4375,33382021890
2023-03-23,28333.97265625,24220433689
2023-03-24,27493.28515625,25980310960
2023-03-25,27494.70703125,13383005987
2023-03-26,27994.330078125,13878363192
2023-03-27,27139.888671875,18188895178
2023-03-28,27268.130859375,17783600385
2023-03-29,28348.44140625,20684945906
2023-03-30,28033.5625,22435349951
2023-03-31,28478.484375,19001327598
2023-04-01,28411.03515625,10876469901
2023-04-02,28199.30859375,12284641999
2023-04-03,27790.220703125,19556501327
2023-04-04,28168.08984375,15284538859
2023-04-05,28177.984375,17052315986
2023-04-06,28044.140625,13837809380
2023-04-07,27925.859375,10861680497
2023-04-08,27947.794921875,9373255556
2023-04-09,28333.05078125,12175322951
2023-04-10,29652.98046875,19282400094
2023-04-11,30235.05859375,20121259843
2023-04-12,30139.052734375,18651929926
2023-04-13,30399.06640625,17487721001
2023-04-14,30485.69921875,22659995079
2023-04-15,30318.49609375,11940685378
2023-04-16,30315.35546875,12854816417
2023-04-17,29445.044921875,17872186762
2023-04-18,30397.552734375,19480529496
2023-04-19,28822.6796875,24571565421
2023-04-20,28245.98828125,21340360360
2023-04-21,27276.91015625,20759504330
2023-04-22,27817.5,13125734602
2023-04-23,27591.384765625,12785446832
2023-04-24,27525.33984375,17703288330
2023-04-25,28307.59765625,17733373139
2023-04-26,28422.701171875,31854242019
2023-04-27,29473.787109375,27153445027
2023-04-28,29340.26171875,17544464887
2023-04-29,29248.48828125,10662634333
2023-04-30,29268.806640625,14652199272
2023-05-01,28091.568359375,18655599976
2023-05-02,28680.537109375,16432924527
2023-05-03,29006.30859375,19122972518
2023-05-04,28847.7109375,15548678514
2023-05-05,29534.384765625,17936566518
2023-05-06,28904.623046875,15913866714
2023-05-07,28454.978515625,11301355486
2023-05-08,27694.2734375,19122903752
2023-05-09,27658.775390625,14128593256
2023-05-10,27621.755859375,20656025026
2023-05-11,27000.7890625,16724343943
2023-05-12,26804.990234375,19313599897
2023-05-13,26784.078125,9999171605
2023-05-14,26930.638671875,10014858959
2023-05-15,27192.693359375,14413231792
2023-05-16,27036.650390625,12732238816
2023-05-17,27398.802734375,15140006925
2023-05-18,26832.208984375,15222938600
2023-05-19,26890.12890625,11258983301
2023-05-20,27129.5859375,7044911360
2023-05-21,26753.826171875,8647416921
2023-05-22,26851.27734375,11056770492
2023-05-23,27225.7265625,13697203143
2023-05-24,26334.818359375,16299104428
2023-05-25,26476.20703125,13851122697
2023-05-26,26719.291015625,12711619225
2023-05-27,26868.353515625,7892015141
2023-05-28,28085.646484375,14545229578
2023-05-29,27745.884765625,15181308984
2023-05-30,27702.349609375,13251081851
2023-05-31,27219.658203125,15656371534
2023-06-01,26819.97265625,14678970415
2023-06-02,27249.58984375,14837415000
2023-06-03,27075.12890625,8385597470
2023-06-04,27119.06640625,9360912318
2023-06-05,25760.09765625,21513292646
2023-06-06,27238.783203125,21929670693
2023-06-07,26345.998046875,19530045082
2023-06-08,26508.216796875,11904824295
2023-06-09,26480.375,11015551640
2023-06-10,25851.240234375,19872933189
2023-06-11,25940.16796875,10732609603
2023-06-12,25902.5,11677889997
2023-06-13,25918.728515625,14143474486
2023-06-14,25124.67578125,14265717766
2023-06-15,25576.39453125,15837384409
2023-06-16,26327.462890625,16324646965
2023-06-17,26510.67578125,11090276850
2023-06-18,26336.212890625,9565695129
2023-06-19,26851.029296875,12826986222
2023-06-20,28327.48828125,22211859147
2023-06-21,30027.296875,33346760979
2023-06-22,29912.28125,20653160491
2023-06-23,30695.46875,24115570085
2023-06-24,30548.6953125,12147822496
2023-06-25,30480.26171875,12703464114
2023-06-26,30271.130859375,16493186997
2023-06-27,30688.1640625,16428827944
2023-06-28,30086.24609375,14571500779
2023-06-29,30445.3515625,13180860821
2023-06-30,30477.251953125,26387306197
2023-07-01,30590.078125,9086606733
2023-07-02,30620.76953125,10533418042
2023-07-03,31156.439453125,15271884873
2023-07-04,30777.58203125,12810828427
2023-07-05,30514.166015625,12481622280
2023-07-06,29909.337890625,21129219509
2023-07-07,30342.265625,13384770155
2023-07-08,30292.541015625,7509378699
2023-07-09,30171.234375,7903327692
2023-07-10,30414.470703125,14828209155
2023-07-11,30620.951171875,12151839152
2023-07-12,30391.646484375,14805659717
2023-07-13,31476.048828125,23686079548
2023-07-14,30334.068359375,20917902660
2023-07-15,30295.806640625,8011667756
2023-07-16,30249.1328125,8516564470
2023-07-17,30145.888671875,13240156074
2023-07-18,29856.5625,13138897269
2023-07-19,29913.923828125,12128602812
2023-07-20,29792.015625,14655207121
2023-07-21,29908.744140625,10972789818
2023-07-22,29771.802734375,7873300598
2023-07-23,30084.5390625,9220145050
2023-07-24,29176.916015625,15395817395
2023-07-25,29227.390625,10266772793
2023-07-26,29354.97265625,13497554655
2023-07-27,29210.689453125,10770779217
2023-07-28,29319.24609375,11218474952
2023-07-29,29356.91796875,6481775959
2023-07-30,29275.30859375,8678454527
2023-07-31,29230.111328125,11656781982
2023-08-01,29675.732421875,18272392391
2023-08-02,29151.958984375,19212655598
2023-08-03,29178.6796875,12780357746
2023-08-04,29074.091796875,12036639988
2023-08-05,29042.126953125,6598366353
2023-08-06,29041.85546875,7269806994
2023-08-07,29180.578125,13618163710
2023-08-08,29765.4921875,17570561357
2023-08-09,29561.494140625,18379521213
2023-08-10,29429.591796875,11865344789
2023-08-11,29397.71484375,10195168197
2023-08-12,29415.96484375,6194358008
2023-08-13,29282.9140625,7329897180
2023-08-14,29408.443359375,14013695304
2023-08-15,29170.34765625,12640195779
2023-08-16,28701.779296875,14949271904
2023-08-17,26664.55078125,31120851211
2023-08-18,26049.556640625,24026236529
2023-08-19,26096.205078125,10631443812
2023-08-20,26189.583984375,9036580420
2023-08-21,26124.140625,13371557893
2023-08-22,26031.65625,14503820706
2023-08-23,26431.640625,16985265785
2023-08-24,26162.373046875,12871532023
2023-08-25,26047.66796875,12406045118
2023-08-26,26008.462890625,6034817316
2023-08-27,26089.693359375,6913768611
2023-08-28,26106.150390625,11002805166
2023-08-29,27727.392578125,29368391712
2023-08-30,27297.265625,16343655235
2023-08-31,25931.47265625,20181001451
2023-09-01,25800.724609375,17202862221
2023-09-02,25868.798828125,10100387473
2023-09-03,25969.56640625,8962524523
2023-09-04,25812.416015625,10680635106
2023-09-05,25779.982421875,11094740040
2023-09-06,25753.236328125,12752705327
2023-09-07,26240.1953125,11088307100
2023-09-08,25905.654296875,10817356400
2023-09-09,25895.677734375,5481314132
2023-09-10,25832.2265625,7899553047
2023-09-11,25162.654296875,14600006467
2023-09-12,25833.34375,18657279324
2023-09-13,26228.32421875,13072077070
2023-09-14,26539.673828125,13811359124
2023-09-15,26608.693359375,11479735788
2023-09-16,26568.28125,7402031417
2023-09-17,26534.1875,6774210670
2023-09-18,26754.28125,15615339655
2023-09-19,27211.1171875,13807690550
2023-09-20,27132.0078125,13281116604
2023-09-21,26567.6328125,13371443708
2023-09-22,26579.568359375,10578746709
2023-09-23,26579.390625,7404700301
2023-09-24,26256.826171875,8192867686
2023-09-25,26298.48046875,11997833257
2023-09-26,26217.25,9985498161
2023-09-27,26352.716796875,11718380997
2023-09-28,27021.546875,14079002707
2023-09-29,26911.720703125,10396435377
2023-09-30,26967.916015625,5331172801
2023-10-01,27983.75,9503917434
2023-10-02,27530.78515625,19793041322
2023-10-03,27429.978515625,11407814187
2023-10-04,27799.39453125,11143355314
2023-10-05,27415.912109375,11877253670
2023-10-06,27946.59765625,13492391599
2023-10-07,27968.83984375,6553044316
2023-10-08,27935.08984375,7916875290
2023-10-09,27583.677734375,12007668568
2023-10-10,27391.01953125,9973350678
2023-10-11,26873.3203125,13648094333
2023-10-12,26756.798828125,9392909295
2023-10-13,26862.375,15165312851
2023-10-14,26861.70703125,5388116782
2023-10-15,27159.65234375,7098201980
2023-10-16,28519.466796875,27833876539
2023-10-17,28415.748046875,14872527508
2023-10-18,28328.341796875,12724128586
2023-10-19,28719.806640625,14448058195
2023-10-20,29682.94921875,21536125230
2023-10-21,29918.412109375,11541146996
2023-10-22,29993.896484375,10446520040
2023-10-23,33086.234375,38363572311
2023-10-24,33901.52734375,44934999645
2023-10-25,34502.8203125,25254318008
2023-10-26,34156.6484375,19427195376
2023-10-27,33909.80078125,16418032871
2023-10-28,34089.57421875,10160330825
2023-10-29,34538.48046875,11160323986
2023-10-30,34502.36328125,17184860315
2023-10-31,34667.78125,15758270810
2023-11-01,35437.25390625,22446272005
2023-11-02,34938.2421875,20998158544
2023-11-03,34732.32421875,17158456701
2023-11-04,35082.1953125,9561294264
2023-11-05,35049.35546875,12412743996
2023-11-06,35037.37109375,12693436420
2023-11-07,35443.5625,18834737789
2023-11-08,35655.27734375,17295394918
2023-11-09,36693.125,37762672382
2023-11-10,37313.96875,22711265155
2023-11-11,37138.05078125,13924272142
2023-11-12,37054.51953125,11545715999
2023-11-13,36502.35546875,19057712790
2023-11-14,35537.640625,23857403554
2023-11-15,37880.58203125,27365821679
2023-11-16,36154.76953125,26007385366
2023-11-17,36596.68359375,22445028430
2023-11-18,36585.703125,11886022717
2023-11-19,37386.546875,12915986553
2023-11-20,37476.95703125,20888209068
2023-11-21,35813.8125,25172163756
2023-11-22,37432.33984375,24397247860
2023-11-23,37289.62109375,14214948217
2023-11-24,37720.28125,22922957823
2023-11-25,37796.79296875,9099571165
2023-11-26,37479.12109375,13744796068
2023-11-27,37254.16796875,19002925720
2023-11-28,37831.0859375,21696137014
2023-11-29,37858.4921875,20728546658
2023-11-30,37712.74609375,18115982627
2023-12-01,38688.75,23512784002
2023-12-02,39476.33203125,15534035612
2023-12-03,39978.390625,15769696322
2023-12-04,41980.09765625,39856129827
2023-12-05,44080.6484375,36312154535
2023-12-06,43746.4453125,29909761586
2023-12-07,43292.6640625,27635760671
2023-12-08,44166.6015625,24421116687
2023-12-09,43725.984375,17368210171
2023-12-10,43779.69921875,13000481418
2023-12-11,41243.83203125,40632672038
2023-12-12,41450.22265625,24779520132
2023-12-13,42890.7421875,26797884674
2023-12-14,43023.97265625,25578530178
2023-12-15,41929.7578125,19639442462
2023-12-16,42240.1171875,14386729590
2023-12-17,41364.6640625,16678702876
2023-12-18,42623.5390625,25224642008
2023-12-19,42270.52734375,23171001281
2023-12-20,43652.25,27868908174
2023-12-21,43869.15234375,22452766169
2023-12-22,43997.90234375,21028503216
2023-12-23,43739.54296875,13507796558
2023-12-24,43016.1171875,18830554085
2023-12-25,43613.140625,21115795370
2023-12-26,42520.40234375,30026850982
2023-12-27,43442.85546875,25260941032
2023-12-28,42627.85546875,22992093014
2023-12-29,42099.40234375,26000021055
2023-12-30,42156.90234375,16013925945
2023-12-31,42265.1875,16397498810
2024-01-01,44167.33203125,18426978443
2024-01-02,44957.96875,39335274536
2024-01-03,42848.17578125,46342323118
2024-01-04,44179.921875,30448091210
2024-01-05,44162.69140625,32336029347
2024-01-06,43989.1953125,16092503468
2024-01-07,43943.09765625,19330573863
2024-01-08,46970.50390625,42746192015
2024-01-09,46139.73046875,39821290992
2024-01-10,46627.77734375,50114613298
2024-01-11,46368.5859375,45833734549
2024-01-12,42853.16796875,43332698900
2024-01-13,42842.3828125,20601860469
2024-01-14,41796.26953125,17521429522
2024-01-15,42511.96875,22320220558
2024-01-16,43154.9453125,24062872740
2024-01-17,42742.65234375,20851232595
2024-01-18,41262.05859375,25218357242
2024-01-19,41618.40625,25752407154
2024-01-20,41665.5859375,11586690904
2024-01-21,41545.78515625,9344043642
2024-01-22,39507.3671875,31338708143
2024-01-23,39845.55078125,29244553045
2024-01-24,40077.07421875,22359526178
2024-01-25,39933.80859375,18491782013
2024-01-26,41816.87109375,25598119893
2024-01-27,42120.0546875,11422941934
2024-01-28,42035.59375,16858971687
2024-01-29,43288.24609375,20668476578
2024-01-30,42952.609375,23842814518
2024-01-31,42582.60546875,24673628793
2024-02-01,43075.7734375,21423953779
2024-02-02,43185.859375,18603843039
2024-02-03,42992.25,11169245236
2024-02-04,42583.58203125,14802225490
2024-02-05,42658.66796875,18715487317
2024-02-06,43084.671875,16798476726
2024-02-07,44318.22265625,21126587775
2024-02-08,45301.56640625,26154524080
2024-02-09,47147.19921875,39316770844
2024-02-10,47771.27734375,16398681570
2024-02-11,48293.91796875,19315867136
2024-02-12,49958.22265625,34511985805
2024-02-13,49742.44140625,35593051468
2024-02-14,51826.6953125,39105608050
2024-02-15,51938.5546875,38564360533
2024-02-16,52160.203125,28180567298
2024-02-17,51662.99609375,20009091006
2024-02-18,52122.546875,17595377311
2024-02-19,51779.14453125,21362184346
2024-02-20,52284.875,33353758256
2024-02-21,51839.1796875,28624907020
2024-02-22,51304.97265625,25413900611
2024-02-23,50731.94921875,21427078270
2024-02-24,51571.1015625,15174077879
2024-02-25,51733.23828125,15413239245
2024-02-26,54522.40234375,34074411896
2024-02-27,57085.37109375,49756832031
2024-02-28,62504.7890625,83239156760
2024-02-29,61198.3828125,65496611844
2024-03-01,62440.6328125,40186368423
2024-03-02,62029.84765625,23888473685
2024-03-03,63167.37109375,26253811450
2024-03-04,68330.4140625,70670471105
2024-03-05,63801.19921875,102802940877
2024-03-06,66106.8046875,68750229073
2024-03-07,66925.484375,46989543159
2024-03-08,68300.09375,59202881172
2024-03-09,68498.8828125,21609650379
2024-03-10,69019.7890625,35683977532
2024-03-11,72123.90625,65716656765
2024-03-12,71481.2890625,62554434520
2024-03-13,73083.5,48212536929
2024-03-14,71396.59375,59594605698
2024-03-15,69403.7734375,78320453976
2024-03-16,65315.1171875,46842198371
2024-03-17,68390.625,44716864318
2024-03-18,67548.59375,49261579492
2024-03-19,61912.7734375,74215844794
2024-03-20,67913.671875,66792634382
2024-03-21,65491.390625,44480350565
2024-03-22,63778.76171875,41401116964
2024-03-23,64062.203125,24738964812
2024-03-24,67234.171875,27206630673
2024-03-25,69958.8125,42700139523
2024-03-26,69987.8359375,36010437368
2024-03-27,69455.34375,40827113309
2024-03-28,70744.953125,34374900617
2024-03-29,69892.828125,25230851763
2024-03-30,69645.3046875,17130241883
2024-03-31,71333.6484375,20050941373
2024-04-01,69702.1484375,34873527352
2024-04-02,65446.97265625,50705240709
2024-04-03,65980.8125,34488018367
2024-04-04,68508.84375,34439527442
2024-04-05,67837.640625,33748230056
2024-04-06,68896.109375,19967785809
2024-04-07,69362.5546875,21204930369
2024-04-08,71631.359375,37261432669
2024-04-09,69139.015625,36426900409
2024-04-10,70587.8828125,38318601774
2024-04-11,70060.609375,30153382941
2024-04-12,67195.8671875,44129299406
2024-04-13,63821.47265625,52869738185
2024-04-14,65738.7265625,49084320047
2024-04-15,63426.2109375,43595917654
2024-04-16,63811.86328125,42847528078
2024-04-17,61276.69140625,41915247049
2024-04-18,63512.75390625,36006307335
2024-04-19,63843.5703125,49920425401
2024-04-20,64994.44140625,23097485495
2024-04-21,64926.64453125,20506644853
2024-04-22,66837.6796875,28282686673
2024-04-23,66407.2734375,24310975583
2024-04-24,64276.8984375,30276655120
2024-04-25,64481.70703125,32155786816
2024-04-26,63755.3203125,24139372950
2024-04-27,63419.140625,19530783039
2024-04-28,63113.23046875,17334827993
2024-04-29,63841.12109375,26635912073
2024-04-30,60636.85546875,37840840057
2024-05-01,58254.01171875,48439780271
2024-05-02,59123.43359375,32711813559
2024-05-03,62889.8359375,33172023048
2024-05-04,63891.47265625,20620477992
2024-05-05,64031.1328125,18296164805
2024-05-06,63161.94921875,28697928697
2024-05-07,62334.81640625,25930730982
2024-05-08,61187.94140625,26088172222
2024-05-09,63049.9609375,25453338161
2024-05-10,60792.77734375,27804954694
2024-05-11,60793.7109375,13842272968
2024-05-12,61448.39453125,13800459405
2024-05-13,62901.44921875,27889181179
2024-05-14,61552.7890625,28186271527
2024-05-15,66267.4921875,39815167074
2024-05-16,65231.58203125,31573077994
2024-05-17,67051.875,28031279310
2024-05-18,66940.8046875,16712277406
2024-05-19,66278.3671875,19249094538
2024-05-20,71448.1953125,43850655717
2024-05-21,70136.53125,46932005990
2024-05-22,69122.3359375,32802561717
2024-05-23,67929.5625,41895680979
2024-05-24,68526.1015625,29197308153
2024-05-25,69265.9453125,15473071741
2024-05-26,68518.09375,15628433737
2024-05-27,69394.5546875,25870990717
2024-05-28,68296.21875,32722265965
2024-05-29,67578.09375,26707072906
2024-05-30,68364.9921875,29509712534
2024-05-31,67491.4140625,27387283769
2024-06-01,67706.9375,11641495604
2024-06-02,67751.6015625,17110588415
2024-06-03,68804.78125,32401285324
2024-06-04,70567.765625,33149696545
2024-06-05,71082.8203125,32810771409
2024-06-06,70757.1640625,25223152007
2024-06-07,69342.5859375,36188381096
2024-06-08,69305.7734375,14262185861
2024-06-09,69647.9921875,13534028500
2024-06-10,69512.28125,20597699541
2024-06-11,67332.03125,37116136345
2024-06-12,68241.1875,34497940694
2024-06-13,66756.3984375,28955204146
2024-06-14,66011.09375,27403884779
2024-06-15,66191.0,14121265576
2024-06-16,66639.046875,13281140541
2024-06-17,66490.296875,30006354476
2024-06-18,65140.74609375,39481285950
2024-06-19,64960.296875,21103423504
2024-06-20,64828.65625,25641109124
2024-06-21,64096.19921875,26188171739
2024-06-22,64252.578125,9858198793
2024-06-23,63180.796875,11170471802
2024-06-24,60277.4140625,43152133651
2024-06-25,61804.640625,29201215431
2024-06-26,60811.27734375,22506003064
2024-06-27,61604.80078125,21231745045
2024-06-28,60320.13671875,24952866877
2024-06-29,60887.37890625,12652903396
2024-06-30,62678.29296875,17333226409
2024-07-01,62851.98046875,25468379421
2024-07-02,62029.015625,20151616992
2024-07-03,60173.921875,29756701685
2024-07-04,56977.703125,41149609230
2024-07-05,56662.375,55417544033
2024-07-06,58303.5390625,20610320577
2024-07-07,55849.109375,20553359505
2024-07-08,56705.09765625,39766159899
2024-07-09,58009.2265625,27849512607
2024-07-10,57742.49609375,26175260526
2024-07-11,57344.9140625,28707803842
2024-07-12,57899.46484375,25604805221
2024-07-13,59231.953125,17080061806
2024-07-14,60787.79296875,22223416061
2024-07-15,64870.15234375,38094526099
2024-07-16,65097.1484375,41617346768
2024-07-17,64118.79296875,32525071311
2024-07-18,63974.06640625,27239305337
2024-07-19,66710.15625,37003855410
2024-07-20,67163.6484375,19029581250
2024-07-21,68154.5234375,26652190004
2024-07-22,67585.25,42649109453
2024-07-23,65927.671875,35605668666
2024-07-24,65372.1328125,27470942309
2024-07-25,65777.2265625,38315761670
2024-07-26,67912.0625,30488630457
2024-07-27,67813.3359375,34691905492
2024-07-28,68255.8671875,18043166945
2024-07-29,66819.9140625,40780682628
2024-07-30,66201.015625,31380492109
2024-07-31,64619.25,31292785994
2024-08-01,65357.5,40975554494
2024-08-02,61415.06640625,43060875727
2024-08-03,60680.09375,31753030589
2024-08-04,58116.9765625,31758917219
2024-08-05,53991.45703125,108991085584
2024-08-06,56034.31640625,49300484106
2024-08-07,55027.4609375,41637562185
2024-08-08,61710.13671875,45298472567
2024-08-09,60880.11328125,33425553115
2024-08-10,60945.8125,15745822278
2024-08-11,58719.484375,22759754812
2024-08-12,59354.515625,37078637820
2024-08-13,60609.56640625,30327698167
2024-08-14,58737.26953125,29961696180
2024-08-15,57560.09765625,35682112440
2024-08-16,58894.10546875,29350938673
2024-08-17,59478.97265625,13589684021
2024-08-18,58483.96484375,17740625837
2024-08-19,59493.453125,25911207712
2024-08-20,59012.79296875,31613400008
2024-08-21,61175.19140625,32731154072
2024-08-22,60381.9140625,27625734377
2024-08-23,64094.35546875,42530509233
2024-08-24,64178.9921875,21430585163
2024-08-25,64333.54296875,18827683555
2024-08-26,62880.66015625,27682040631
2024-08-27,59504.1328125,39103882198
2024-08-28,59027.625,40289564698
2024-08-29,59388.1796875,32224990582
2024-08-30,59119.4765625,32292756405
2024-08-31,58969.8984375,12403470760
2024-09-01,57325.48828125,24592449997
2024-09-02,59112.48046875,27036454524
2024-09-03,57431.0234375,26666961053
2024-09-04,57971.5390625,35627680312
2024-09-05,56160.48828125,31030280656
2024-09-06,53948.75390625,49361693566
2024-09-07,54139.6875,19061486526
2024-09-08,54841.56640625,18268287531
2024-09-09,57019.53515625,34618096173
2024-09-10,57648.7109375,28857630507
2024-09-11,57343.171875,37049062672
2024-09-12,58127.01171875,33835707949
2024-09-13,60571.30078125,32490528356
2024-09-14,60005.12109375,16428405496
2024-09-15,59182.8359375,18120960867
2024-09-16,58192.5078125,32032822113
2024-09-17,60308.5390625,38075570118
2024-09-18,61649.6796875,40990702891
2024-09-19,62940.45703125,42710252573
2024-09-20,63192.9765625,35177164222
2024-09-21,63394.83984375,14408616220
2024-09-22,63648.7109375,20183348802
2024-09-23,63329.80078125,31400285425
2024-09-24,64301.96875,29938335243
2024-09-25,63143.14453125,25078377700
2024-09-26,65181.01953125,36873129847
2024-09-27,65790.6640625,32058813449
2024-09-28,65887.6484375,15243637984
2024-09-29,65635.3046875,14788214575
2024-09-30,63329.5,37112957475
2024-10-01,60837.0078125,50220923500
2024-10-02,60632.78515625,40762722398
2024-10-03,60759.40234375,36106447279
2024-10-04,62067.4765625,29585472513
2024-10-05,62089.94921875,13305410749
2024-10-06,62818.953125,14776233667
2024-10-07,62236.66015625,34253562610
2024-10-08,62131.96875,28134475157
2024-10-09,60582.1015625,27670982363
2024-10-10,60274.5,30452813570
2024-10-11,62445.08984375,30327141594
2024-10-12,63193.0234375,16744110886
2024-10-13,62851.375,18177529690
2024-10-14,66046.125,43706958056
2024-10-15,67041.109375,48863870879
2024-10-16,67612.71875,38195189534
2024-10-17,67399.8359375,32790898511
2024-10-18,68418.7890625,36857165014
2024-10-19,68362.734375,14443497908
2024-10-20,69001.703125,18975847518
2024-10-21,67367.8515625,37498611780
2024-10-22,67361.40625,31808472566
2024-10-23,66432.1953125,32263980353
2024-10-24,68161.0546875,31414428647
2024-10-25,66642.4140625,41469984306
2024-10-26,67014.6953125,19588098156
2024-10-27,67929.296875,16721307878
2024-10-28,69907.7578125,38799856657
2024-10-29,72720.4921875,58541874402
2024-10-30,72339.5390625,40646637831
2024-10-31,70215.1875,40627912076
2024-11-01,69482.46875,49989795365
2024-11-02,69289.2734375,18184612091
2024-11-03,68741.1171875,34868307655
2024-11-04,67811.5078125,41184819348
2024-11-05,69359.5625,46046889204
2024-11-06,75639.078125,118592653963
2024-11-07,75904.859375,63467654989
2024-11-08,76545.4765625,55176858003
2024-11-09,76778.8671875,29009480361
2024-11-10,80474.1875,82570594495
2024-11-11,88701.484375,117966845037
2024-11-12,87955.8125,133673285375
2024-11-13,90584.1640625,123559027869
2024-11-14,87250.4296875,87616705248
2024-11-15,91066.0078125,78243109518
2024-11-16,90558.4765625,44333192814
2024-11-17,89845.8515625,46350159305
2024-11-18,90542.640625,75535775084
2024-11-19,92343.7890625,74521048295
2024-11-20,94339.4921875,71730956426
2024-11-21,98504.7265625,106024505582
2024-11-22,98997.6640625,78473580551
2024-11-23,97777.28125,44414644677
2024-11-24,98013.8203125,51712020623
2024-11-25,93102.296875,80909462490
2024-11-26,91985.3203125,91656519855
2024-11-27,95962.53125,71133452438
2024-11-28,95652.46875,52260008261
2024-11-29,97461.5234375,54968682476
2024-11-30,96449.0546875,31634227866
2024-12-01,97279.7890625,36590695296
2024-12-02,95865.3046875,72680784305
2024-12-03,96002.1640625,67067810961
2024-12-04,98768.53125,77199817112
2024-12-05,96593.5703125,149218945580
2024-12-06,99920.7109375,94534772658
2024-12-07,99923.3359375,44177510897
2024-12-08,101236.015625,44125751925
2024-12-09,97432.71875,110676473908
2024-12-10,96675.4296875,104823780634
2024-12-11,101173.03125,85391409936
2024-12-12,100043.0,72073983533
2024-12-13,101459.2578125,56894751583
2024-12-14,101372.96875,40422968793
2024-12-15,104298.6953125,51145914137
2024-12-16,106029.71875,91020417816
2024-12-17,106140.6015625,68589364868
2024-12-18,100041.5390625,93865656139
2024-12-19,97490.953125,97221662392
2024-12-20,97755.9296875,105634083408
2024-12-21,97224.7265625,51765334294
2024-12-22,95104.9375,43147981314
2024-12-23,94686.2421875,65239002919
2024-12-24,98676.09375,47114953674
2024-12-25,99299.1953125,33700394629
2024-12-26,95795.515625,47054980873
2024-12-27,94164.859375,52419934565
2024-12-28,95163.9296875,24107436185
2024-12-29,93530.2265625,29635885267
2024-12-30,92643.2109375,56188003691
2024-12-31,93429.203125,43625106843
2025-01-01,94419.7578125,24519888919
2025-01-02,96886.875,46009564411
2025-01-03,98107.4296875,35611391163
2025-01-04,98236.2265625,22342608078
2025-01-05,98314.9609375,20525254825
2025-01-06,102078.0859375,51823432705
2025-01-07,96922.703125,58685738547
2025-01-08,95043.5234375,63875859171
2025-01-09,92484.0390625,62777261693
2025-01-10,94701.453125,62058693684
2025-01-11,94566.59375,18860894100
2025-01-12,94488.4375,20885130965
2025-01-13,94516.5234375,72978998252
2025-01-14,96534.046875,53769675818
2025-01-15,100504.4921875,57805923627
2025-01-16,99756.90625,54103781805
2025-01-17,104462.0390625,71888972663
2025-01-18,104408.0703125,50445655726
2025-01-19,101089.609375,76789928525
2025-01-20,102016.6640625,126279678351
2025-01-21,106146.265625,88733878242
2025-01-22,103653.0703125,53878181052
2025-01-23,103960.171875,104104515428
2025-01-24,104819.484375,52388229265
2025-01-25,104714.6484375,23888996502
2025-01-26,102682.5,22543395879
2025-01-27,102087.6875,89006608428
2025-01-28,101332.4765625,47180685494
2025-01-29,103703.2109375,47432049818
2025-01-30,104735.3046875,41915744521
2025-01-31,102405.0234375,45732764360
2025-02-01,100655.90625,27757944848
2025-02-02,97688.9765625,63091816853
2025-02-03,101405.421875,115400897748
2025-02-04,97871.8203125,73002130211
2025-02-05,96615.4453125,49125911241
2025-02-06,96593.296875,45302471947
2025-02-07,96529.0859375,55741290456
2025-02-08,96482.453125,22447526395
2025-02-09,96500.09375,27732901800
2025-02-10,97437.5546875,40078962391
2025-02-11,95747.4296875,37488783272
2025-02-12,97885.859375,49340445530
2025-02-13,96623.8671875,37147280860
2025-02-14,97508.96875,32697987277
2025-02-15,97580.3515625,17047266288
2025-02-16,96175.03125,16536755396
2025-02-17,95773.3828125,27336550690
2025-02-18,95539.546875,37325720482
2025-02-19,96635.609375,28990872862
2025-02-20,98333.9375,31668022771
2025-02-21,96125.546875,49608706470
2025-02-22,96577.7578125,18353824477
2025-02-23,96273.921875,16999478976
2025-02-24,91418.171875,44046480529
2025-02-25,88736.171875,92139104128
2025-02-26,84347.0234375,64597492134
2025-02-27,84704.2265625,52659591954
2025-02-28,84373.0078125,83610570576
2025-03-01,86031.9140625,29190628396
2025-03-02,94248.3515625,58398341092
2025-03-03,86065.671875,70072228536
2025-03-04,87222.1953125,68095241474
2025-03-05,90623.5625,50498988027
2025-03-06,89961.7265625,47749810486
2025-03-07,86742.671875,65945677657
2025-03-08,86154.59375,18206118081
2025-03-09,80601.0390625,30899345977
2025-03-10,78532.0,54061099422
2025-03-11,82862.2109375,54702837196
2025-03-12,83722.359375,40353484454
2025-03-13,81066.703125,31412940153
2025-03-14,83969.1015625,29588112414
2025-03-15,84343.109375,13650491277
2025-03-16,82579.6875,21330270174
2025-03-17,84075.6875,25092785558
2025-03-18,82718.5,24095774594
2025-03-19,86854.2265625,34931960257
2025-03-20,84167.1953125,29028988961
2025-03-21,84043.2421875,19030452299
2025-03-22,83832.484375,9863214091
2025-03-23,86054.375,12594615537
2025-03-24,87498.9140625,34582604933
2025-03-25,87471.703125,30005840049
2025-03-26,86900.8828125,26704046038
2025-03-27,87177.1015625,24413471941
2025-03-28,84353.1484375,34198619509
2025-03-29,82597.5859375,16969396135
2025-03-30,82334.5234375,14763760943
2025-03-31,82548.9140625,29004228247
2025-04-01,85169.171875,28175650319
2025-04-02,82485.7109375,47584398470
2025-04-03,83102.828125,36852112080
2025-04-04,83843.8046875,45157640207
2025-04-05,83504.796875,14380803631
2025-04-06,78214.484375,36294853736
2025-04-07,79235.3359375,91262424987
2025-04-08,76271.953125,48314590749
2025-04-09,82573.953125,84213627038
2025-04-10,79626.140625,44718000633
2025-04-11,83404.8359375,41656778779
2025-04-12,85287.109375,24258059104
2025-04-13,83684.9765625,28796984817
2025-04-14,84542.390625,34090769777
2025-04-15,83668.9921875,28040322885
2025-04-16,84033.8671875,29617804112
2025-04-17,84895.75,21276866029
2025-04-18,84450.8046875,12728372364
2025-04-19,85063.4140625,15259300427
2025-04-20,85174.3046875,14664050812
2025-04-21,87518.90625,41396190190
2025-04-22,93441.890625,55899038456
2025-04-23,93699.109375,41719568821
2025-04-24,93943.796875,31483175315
2025-04-25,94720.5,40915232364
2025-04-26,94646.9296875,17612825123
2025-04-27,93754.84375,18090367764
2025-04-28,94978.75,32363449569
2025-04-29,94284.7890625,25806129921
2025-04-30,94207.3125,28344679831
2025-05-01,96492.3359375,32875889623
2025-05-02,96910.0703125,26421924677
2025-05-03,95891.796875,15775154889
2025-05-04,94315.9765625,18198688416
2025-05-05,94748.0546875,25816260327
2025-05-06,96802.4765625,26551275827
2025-05-07,97032.3203125,76983822462
2025-05-08,103241.4609375,69895404397
2025-05-09,102970.8515625,58198593958
2025-05-10,104696.328125,42276713994
2025-05-11,104106.359375,46285517406
2025-05-12,102812.953125,63250475404
2025-05-13,104169.8125,52608876410
2025-05-14,103539.4140625,45956071155
2025-05-15,103744.640625,50408241840
2025-05-16,103489.2890625,44386499364
2025-05-17,103191.0859375,37898552742
2025-05-18,106446.0078125,49887082058
2025-05-19,105606.1796875,61761126647
2025-05-20,106791.0859375,36515726122
2025-05-21,109678.078125,78086364051
2025-05-22,111673.28125,70157575642
2025-05-23,107287.796875,67548133399
2025-05-24,107791.15625,45903627163
2025-05-25,109035.390625,47518041841
2025-05-26,109440.3671875,45950461571
2025-05-27,108994.640625,57450176272
2025-05-28,107802.328125,49155377493
2025-05-29,105641.7578125,56022752042
2025-05-30,103998.5703125,57655287183
2025-05-31,104638.09375,38997843858
2025-06-01,105652.1015625,37397056873
2025-06-02,105881.53125,45819706290
2025-06-03,105432.46875,46196508367
2025-06-04,104731.984375,44544857105
2025-06-05,101575.953125,57479298400
2025-06-06,104390.34375,48856653697
2025-06-07,105615.625,38365033776
2025-06-08,105793.6484375,36626232328
2025-06-09,110294.1015625,55903193732
2025-06-10,110257.234375,54700101509
2025-06-11,108686.625,50842662052
2025-06-12,105929.0546875,54843867968
2025-06-13,106090.96875,69550440846
2025-06-14,105472.40625,38007870453
2025-06-15,105552.0234375,36744307742
2025-06-16,106796.7578125,50366626945
2025-06-17,104601.1171875,55964092176
2025-06-18,104883.328125,47318089133
2025-06-19,104684.2890625,37333806920
2025-06-20,103309.6015625,50951862476
2025-06-21,102257.40625,38360555118
2025-06-22,100987.140625,65536997201
2025-06-23,105577.7734375,65237759656
2025-06-24,106045.6328125,48822986421
2025-06-25,107361.2578125,51624120283
2025-06-26,106960.0,43891990613
2025-06-27,107088.4296875,45353692675
2025-06-28,107327.703125,30037708335
2025-06-29,108385.5703125,35534874438
2025-06-30,107135.3359375,42064804590
2025-07-01,105698.28125,44110692247
2025-07-02,108859.3203125,56248657737
2025-07-03,109647.9765625,50494742270
2025-07-04,108034.3359375,42616442656
2025-07-05,108231.1796875,30615537520
2025-07-06,109232.0703125,36746020463
2025-07-07,108299.8515625,45415696597
2025-07-08,108950.2734375,44282204127
2025-07-09,111326.5546875,57927418065
2025-07-10,115987.203125,95911605728
2025-07-11,117516.9921875,86928361085
2025-07-12,117435.2265625,45524560304
2025-07-13,119116.1171875,49021091807
2025-07-14,119849.703125,181746419401
2025-07-15,117777.1875,98321661181
2025-07-16,118738.5078125,72162029070
2025-07-17,119289.84375,72363841798
2025-07-18,118003.2265625,77945799785
2025-07-19,117939.9765625,47564562765
2025-07-20,117300.7890625,57515447231
2025-07-21,117439.5390625,69820091744
2025-07-22,119995.4140625,79217583118
2025-07-23,118754.9609375,66608604537
2025-07-24,118368.0,72627318560
2025-07-25,117635.8828125,104857024569
2025-07-26,117947.3671875,48508954046
2025-07-27,119448.4921875,54683390892
2025-07-28,117924.4765625,64822943193
2025-07-29,117922.1484375,68463107433
2025-07-30,117831.1875,68896148592
2025-07-31,115758.203125,69370346018
2025-08-01,113320.0859375,91294530181
2025-08-02,112526.9140625,56870866000
2025-08-03,114217.671875,48099615826
2025-08-04,115071.8828125,35783028986
2025-08-05,114141.4453125,61039182286
2025-08-06,115028.0,56379133510
2025-08-07,117496.8984375,64051649681
2025-08-08,116688.7265625,59713005166
2025-08-09,116500.359375,54004312429
2025-08-10,119306.7578125,64755458694
2025-08-11,118731.4453125,90528784177
2025-08-12,120172.90625,72803657984
2025-08-13,123344.0625,90904808795
2025-08-14,118359.578125,104055627395
2025-08-15,117398.3515625,68665353159
2025-08-16,117491.3515625,48036922378
2025-08-17,117453.0625,45852169525
2025-08-18,116252.3125,72787808090
2025-08-19,112831.1796875,71657600353
2025-08-20,114274.7421875,67993811526
2025-08-21,112419.03125,57817883700
2025-08-22,116874.0859375,82528088240
2025-08-23,115374.328125,55377142586
2025-08-24,113458.4296875,73961489632
2025-08-25,110124.3515625,85706860190
2025-08-26,111802.65625,69396320317
2025-08-27,111222.0625,62137056409
2025-08-28,112544.8046875,58860155962
2025-08-29,108410.8359375,77843379644
2025-08-30,108808.0703125,51486264208
2025-08-31,108236.7109375,47986191770
2025-09-01,109250.59375,66870372995
2025-09-02,111200.5859375,74776999491
2025-09-03,111723.2109375,61119643565
2025-09-04,110723.6015625,60131132901
2025-09-05,110650.984375,60241647677
2025-09-06,110224.6953125,21500719036
2025-09-07,111167.6171875,24618007520
2025-09-08,112071.4296875,40212813407
2025-09-09,111530.546875,45984480722
2025-09-10,113955.359375,56377473784
2025-09-11,115507.5390625,45685065332
2025-09-12,116101.578125,54785725894
2025-09-13,115950.5078125,34549454947
2025-09-14,115407.65625,32798036057
2025-09-15,115444.875,52937859416
2025-09-16,116843.1875,45781744593
2025-09-17,116468.5078125,60528025996
2025-09-18,117137.203125,49457272032
2025-09-19,115688.859375,38828473971
2025-09-20,115721.9609375,22864449614
2025-09-21,115306.09375,22495852193
2025-09-22,112748.5078125,70684158591
2025-09-23,112014.5,47211853279
2025-09-24,113328.6328125,48044595085
2025-09-25,109049.2890625,75528654284
2025-09-26,109712.828125,57738288949
2025-09-27,109681.9453125,26308042910
2025-09-28,112122.640625,33371048505
2025-09-29,114400.3828125,60000147466
2025-09-30,114056.0859375,58986330258
2025-10-01,118648.9296875,71328680132
2025-10-02,120681.2578125,71415163912
2025-10-03,122266.53125,83941392228
2025-10-04,122425.4296875,36769171735
2025-10-05,123513.4765625,73689317763
2025-10-06,124752.53125,72568881188
2025-10-07,121451.3828125,76149412513
2025-10-08,123354.8671875,65354305286
2025-10-09,121705.5859375,74653009425
2025-10-10,113214.3671875,153125018868
2025-10-11,110807.8828125,110236934340
2025-10-12,115169.765625,93710414091
2025-10-13,115271.078125,71582026739
2025-10-14,113118.6640625,92212917403
2025-10-15,110783.1640625,72574132855
2025-10-16,108186.0390625,87306423067
2025-10-17,106467.7890625,99703051669
2025-10-18,107198.265625,37779905278
2025-10-19,108666.7109375,47657008953
2025-10-20,110588.9296875,63507793085
2025-10-21,108476.890625,101194375480
2025-10-22,107688.5859375,80807013218
2025-10-23,110069.7265625,54944076060
2025-10-24,111033.921875,48160816980
2025-10-25,111641.7265625,24707667305
2025-10-26,114472.4453125,41708524143
2025-10-27,114119.328125,61761358733
2025-10-28,112956.1640625,64528066504
2025-10-29,110055.3046875,62192043469
2025-10-30,108305.546875,69673964814
2025-10-31,109556.1640625,60090359560
2025-11-01,110064.015625,25871668762
2025-11-02,110639.625,34284209459
2025-11-03,106547.5234375,72852006359
2025-11-04,101590.5234375,110967184773
2025-11-05,103891.8359375,77584934804
2025-11-06,101301.2890625,63932752861
2025-11-07,103372.40625,92168030081
2025-11-08,102282.1171875,51446691095
2025-11-09,104719.640625,59679243013
2025-11-10,105996.59375,69585887229
2025-11-11,102997.46875,71130078574
2025-11-12,101663.1875,64347179408
2025-11-13,99697.4921875,101546815416
2025-11-14,94397.7890625,114346441890
2025-11-15,95549.1484375,38500716654
2025-11-16,94177.078125,71086235862
2025-11-17,92093.875,94186165724
2025-11-18,92948.875,101333569062
2025-11-19,91465.9921875,80350354656
2025-11-20,86631.8984375,97970645638
2025-11-21,85090.6875,129157506112
2025-11-22,84648.359375,40793099246
2025-11-23,86805.0078125,58083435576
2025-11-24,88270.5625,74433896110
2025-11-25,87341.890625,64837343545
2025-11-26,90518.3671875,66496301869
2025-11-27,91285.375,57040622845
2025-11-28,90919.265625,60895830289
2025-11-29,90851.7578125,37921773455
2025-11-30,90394.3125,38497902869
2025-12-01,86321.5703125,87962894424
2025-12-02,91350.203125,78546798211
2025-12-03,93527.8046875,77650204986
2025-12-04,92141.625,64538402681
2025-12-05,89387.7578125,63256398633
2025-12-06,89272.375,37994042405
2025-12-07,90405.640625,47394898960
2025-12-08,90640.203125,57394099056
2025-12-09,92691.7109375,66861721440
2025-12-10,92020.9453125,65420694513
2025-12-11,92511.3359375,64532834621
2025-12-12,90270.4140625,80275884583
2025-12-13,90298.7109375,64237748110
2025-12-14,88175.1796875,50465972205
2025-12-15,86419.78125,45559514323
2025-12-16,87843.984375,41262178223
2025-12-17,86143.7578125,44243392914
2025-12-18,85462.5078125,52667115348
2025-12-19,88103.3828125,46733310561
2025-12-20,88344.0,14688196659
2025-12-21,88621.75,19845522660
2025-12-22,88490.015625,38047472118
2025-12-23,87414.0,43683011533
2025-12-24,87611.9609375,25550297986
2025-12-25,87234.7421875,19953216347
2025-12-26,87301.4296875,42455674908
2025-12-27,87802.15625,13741199310
2025-12-28,87835.8359375,15156557929
2025-12-29,87138.140625,48411625849
2025-12-30,88430.1328125,35586356225
2025-12-31,87508.828125,33830210616
